Virus name,Family,Zoonotic status,Host range (no of species),Host range (no of orders)
A _cytomegalovirus,Herpesviridae,0,1,1
A _paramyxovirus,Paramyxoviridae,0,1,1
A _polyomavirus,Polyomaviridae,0,1,1
Achimota _virus _1,Paramyxoviridae,0,1,1
Adelaide_River_virus,Rhabdoviridae,0,1,1
Adeno-associated_virus-1,Parvoviridae,1,2,1
Adeno-associated_virus-2,Parvoviridae,0,1,1
African_green_monkey_polyomavirus,Polyomaviridae,1,1,1
African_green_monkey_simian_foamy_virus,Retroviridae,0,1,1
African_horse_sickness_virus,Reoviridae,0,15,4
African_swine_fever_virus,Asfarviridae,0,3,1
Agua _preta,Herpesviridae,0,1,1
Ahun,Nairoviridae,0,1,1
Aj-BtPV-1,Parvoviridae,0,1,1
Akabane_virus,Bunyaviridae,0,15,2
Alcelaphine_herpesvirus_1,Herpesviridae,0,4,1
Alcelaphine_herpesvirus_2,Herpesviridae,0,5,1
Aleutian_mink_disease_virus,Parvoviridae,1,3,1
Alkhurma _hemorrhagic _fever,Flaviviridae,0,1,1
Allpaahuayo_virus,Arenaviridae,0,2,1
Allpahuayo,Arenaviridae,0,1,1
Alto Paraguay hantavirus,Bunyaviridae,0,1,1
Amapari_virus,Arenaviridae,0,8,1
American _bat _vesiculovirus,Rhabdoviridae,0,1,1
Amur,Hantaviridae,1,1,1
Andes_virus,Bunyaviridae,1,29,1
Anopheles_A_virus,Bunyaviridae,1,1,1
Anopheles_B_virus,Bunyaviridae,0,1,1
Apodemus flavicolus CMV3,Herpesviridae,0,1,1
Apoi_virus,Flaviviridae,0,2,1
Araguari_virus,Orthomyxoviridae,0,1,1
Araraquara,Hantaviridae,0,2,1
Aravan_virus,Rhabdoviridae,0,3,1
Arctic_squirrel_hepatitis_virus,Hepadnaviridae,0,1,1
Argentine _hemorrhagic _fever,Arenaviridae,0,4,1
Aroa_virus,Flaviviridae,1,1,1
Arumowot_virus,Bunyaviridae,0,4,1
Ateline_herpesvirus_1,Herpesviridae,0,1,1
Ateline_herpesvirus_2,Herpesviridae,0,1,1
Aura_virus,Togaviridae,1,1,1
Australian_bat_lyssavirus,Rhabdoviridae,1,16,2
Baboon_orthoreovirus,Reoviridae,0,1,1
Baboon_polyomavirus_2,Polyomaviridae,0,1,1
Bakau_virus,Bunyaviridae,0,6,2
Bangui_virus,Bunyaviridae,1,3,1
Banna_virus,Reoviridae,1,2,1
Banzi_virus,Flaviviridae,1,1,1
Barmah_Forest_virus,Togaviridae,1,5,3
Barur_virus,Rhabdoviridae,0,1,1
Bat _adenovirus _2,Adenoviridae,0,1,1
Bat _bornavirus _b1,Bornaviridae,0,1,1
Bat _sapovirus,Caliciviridae,0,1,1
bat astrovirus AFCD337,Astroviridae,0,5,1
bat astroviruses,Astroviridae,0,19,1
Bat CoV,Coronaviridae,0,1,1
bat FBV1,Adenoviridae,0,1,1
"bat PPV1, AdV",Adenoviridae,0,1,1
Bat/KE4852/07,Reoviridae,0,1,1
BatBHV-1,Herpesviridae,0,2,1
BatCoV BB98-15,Coronaviridae,0,2,1
BatCoV BNM98-30,Coronaviridae,0,1,1
BatCoV HKU6,Coronaviridae,0,3,1
BatCoV HKU7,Coronaviridae,0,5,1
BatGHV-1,Herpesviridae,0,4,1
BatGHV-2,Herpesviridae,0,2,1
BatGHV-3,Herpesviridae,0,3,1
BatGHV-4,Herpesviridae,0,2,1
BatGHV-5,Herpesviridae,0,1,1
BatGHV-6,Herpesviridae,0,1,1
BatGHV-7,Herpesviridae,0,1,1
Bayou_virus,Bunyaviridae,1,5,1
Bear_Canyon_virus,Arenaviridae,1,3,1
Beilong virus,Paramyxoviridae,1,1,1
Bermejo,Bunyaviridae,1,1,1
Berrimah_virus,Rhabdoviridae,0,1,1
Bhanja_virus,Bunyaviridae,1,40,6
Big _Brushy _Tank,Arenaviridae,1,1,1
Bimiti_virus,Bunyaviridae,0,9,2
Bivens_Arm_virus,Rhabdoviridae,0,1,1
Black_Creek_Canal_virus,Bunyaviridae,1,1,1
Bloodland Lake virus,Bunyaviridae,0,1,1
Bluetongue_virus,Reoviridae,0,61,5
Bokeloh _virus,Rhabdoviridae,0,1,1
Border_disease_virus,Flaviviridae,0,5,1
Borna_disease_virus,Bornaviridae,1,25,7
Bouboui_virus,Flaviviridae,1,1,1
Bovine_adenovirus_A,Adenoviridae,0,2,1
Bovine_adenovirus_B,Adenoviridae,0,2,1
Bovine_adenovirus_C,Adenoviridae,0,1,1
Bovine_adenovirus_D,Adenoviridae,0,1,1
Bovine_adenovirus_E,Adenoviridae,0,1,1
Bovine_astrovirus,Astroviridae,0,1,1
Bovine_coronavirus,Coronaviridae,0,1,1
Bovine_enteric_calicivirus_strain_NB,Caliciviridae,0,1,1
Bovine_ephemeral_fever_virus,Rhabdoviridae,0,6,1
Bovine_foamy_virus,Retroviridae,0,1,1
Bovine_herpesvirus_1,Herpesviridae,0,17,1
Bovine_herpesvirus_2,Herpesviridae,0,10,2
Bovine_herpesvirus_4,Herpesviridae,0,6,1
Bovine_herpesvirus_5,Herpesviridae,0,1,1
Bovine_immunodeficiency_virus,Retroviridae,0,2,1
Bovine_leukemia_virus,Retroviridae,1,2,1
Bovine_norovirus-CH126,Caliciviridae,0,1,1
Bovine_norovirus-Jena,Caliciviridae,0,1,1
Bovine_papillomavirus_1,Papillomaviridae,0,4,1
Bovine_papillomavirus_3,Papillomaviridae,0,1,1
Bovine_papillomavirus_5,Papillomaviridae,0,1,1
Bovine_papular_stomatitis_virus,Poxviridae,1,2,1
Bovine_parainfluenza_virus_3,Paramyxoviridae,0,6,1
Bovine_parvovirus,Parvoviridae,0,1,1
Bovine_polyomavirus,Polyomaviridae,0,1,1
Bovine_respiratory_syncytial_virus,Paramyxoviridae,0,5,1
Bovine_torovirus,Coronaviridae,0,1,1
Bovine_viral_diarrhea_virus_1,Flaviviridae,0,42,2
Bovine_viral_diarrhea_virus_2,Flaviviridae,0,3,1
Broome,Reoviridae,0,1,1
BtAAV-YNM,Paroviridae,0,1,1
BtAdV _4,"	Adenoviridae",0,1,1
Bubaline_herpesvirus_1,Herpesviridae,0,1,1
Buffalopox,Poxviridae,1,3,1
Bujaru_virus,Bunyaviridae,0,1,1
Bukalasa _bat,Flaviviridae,0,1,1
Bukalasa_bat_virus,Flaviviridae,0,2,1
Bunyamwera_virus,Bunyaviridae,1,28,6
Bussuquara,Flaviviridae,1,2,2
Bwamba,Bunyaviridae,1,7,2
Cabassou_virus,Togaviridae,0,1,1
Cache _Valley,Bunyaviridae,1,19,4
Calabazo,Hantaviridae,1,1,1
California_encephalitis_virus,Bunyaviridae,1,22,6
Callitrichine_herpesvirus_1,Herpesviridae,0,1,1
Callitrichine_herpesvirus_3,Herpesviridae,0,1,1
Camelpox_virus,Poxviridae,1,1,1
Canid_herpesvirus_1,Herpesviridae,0,3,1
Canine_adenovirus,Adenoviridae,0,11,1
Canine_calicivirus,Caliciviridae,0,1,1
Canine_coronavirus,Coronaviridae,0,2,1
Canine_distemper_virus,Paramyxoviridae,1,27,3
Canine_minute_virus,Parvoviridae,0,1,1
Canine_oral_papillomavirus,Papillomaviridae,0,1,1
Cano_Delgadito_virus,Bunyaviridae,0,2,1
Caprine_arthritis_encephalitis_virus,Retroviridae,0,2,1
Caprine_herpesvirus_1,Herpesviridae,0,3,1
Caraparu_virus,Bunyaviridae,1,11,5
Carey_Island_virus,Flaviviridae,0,2,1
Catacamas virus,Bunyaviridae,0,1,1
Catarina,Arenaviridae,1,2,1
Catu_virus,Bunyaviridae,1,12,4
Caviid_herpesvirus_1,Herpesviridae,0,1,1
Caviid_herpesvirus_2,Herpesviridae,0,1,1
Caviid_herpesvirus_3,Herpesviridae,0,1,1
Cedar,Paramyxoviridae,0,1,1
Cercopithecine_herpesvirus_1,Herpesviridae,1,8,1
Cercopithecine_herpesvirus_12,Herpesviridae,0,1,1
Cercopithecine_herpesvirus_14,Herpesviridae,0,1,1
Cercopithecine_herpesvirus_15,Herpesviridae,0,1,1
Cercopithecine_herpesvirus_16,Herpesviridae,0,3,1
Cercopithecine_herpesvirus_17,Herpesviridae,0,1,1
Cercopithecine_herpesvirus_2,Herpesviridae,0,2,1
Cercopithecine_herpesvirus_5,Herpesviridae,0,1,1
Cercopithecine_herpesvirus_8,Herpesviridae,0,1,1
Cercopithecine_herpesvirus_9,Herpesviridae,0,3,1
Cervid_herpesvirus_1,Herpesviridae,0,4,1
Cervid_herpesvirus_2,Herpesviridae,0,1,1
Cetacean_morbillivirus_virus,Paramyxoviridae,0,9,1
Chandipura_virus,Rhabdoviridae,1,1,1
Changuinola_virus,Reoviridae,1,3,2
Chikungunya_virus,Togaviridae,1,16,3
Chipmunk_parvovirus,Parvoviridae,0,1,1
Chobar_Gorge_virus,Reoviridae,0,2,1
Choclo,Bunyaviridae,1,1,1
Classical_swine_fever_virus,Flaviviridae,0,1,1
Cocal_virus,Rhabdoviridae,0,1,1
Colorado_tick_fever_virus,Reoviridae,1,22,3
Contagious _ecthyma,Poxviridae,0,5,1
Corona_virus,"	Coronaviridae",1,16,6
Corriparta_virus,Reoviridae,1,2,1
Cote_d'Ivoire_ebolavirus,Filoviridae,1,1,1
Cottontail_rabbit_papillomavirus,Papillomaviridae,0,1,1
Cowbone_Ridge_virus,Flaviviridae,0,2,1
Cowpox_virus,Poxviridae,1,48,6
Cricetid_herpesvirus,Herpesviridae,0,1,1
Crimean-Congo_hemorrhagic_fever_virus,Bunyaviridae,1,57,7
Cupixi_virus,Arenaviridae,0,1,1
Cyclovirus T. _brasiliensis,Circoviridae,0,1,1
Cynomys herpesvirus 1,Herpesviridae,0,1,1
Da Bie Shan virus,Bunyaviridae,0,1,1
Dakar_bat_virus,Flaviviridae,0,4,2
Deer_adenovirus,Adenoviridae,0,3,1
Deer_papillomavirus,Papillomaviridae,0,2,1
Dengue_virus,Flaviviridae,1,27,3
Dera_Ghazi_Khan_virus,Bunyaviridae,1,6,2
Dhori_virus,Orthomyxoviridae,1,8,2
Dobrava-Belgrade_virus,Bunyaviridae,1,5,1
Dugbe_virus,Bunyaviridae,1,9,3
Duvenhage_virus,Rhabdoviridae,1,4,1
E. _helvum kobuvirus,Picornaviridae,0,1,1
Eastern_equine_encephalitis_virus,Togaviridae,1,32,5
Ectromelia_virus,Poxviridae,0,3,1
Edge_Hill,Flaviviridae,1,3,2
Eh-BtPV-1,Parvoviridae,0,1,1
El_Moro_Canyon_virus,Bunyaviridae,1,1,1
Encephalomyocarditis_virus,Picornaviridae,1,42,6
Entebbe_bat_virus,Flaviviridae,0,3,1
Epizootic_hemorrhagic_disease_virus,Reoviridae,0,14,1
Eptesipox,Poxviridae,0,1,1
Equid_herpesvirus_1,Herpesviridae,0,4,3
Equid_herpesvirus_2,Herpesviridae,0,1,1
Equid_herpesvirus_3,Herpesviridae,0,1,1
Equid_herpesvirus_4,Herpesviridae,0,2,2
Equid_herpesvirus_5,Herpesviridae,0,1,1
Equid_herpesvirus_7,Herpesviridae,0,1,1
Equid_herpesvirus_8,Herpesviridae,0,1,1
Equid_herpesvirus_9,Herpesviridae,0,7,3
Equine_adenovirus_A,Adenoviridae,0,1,1
Equine_adenovirus_B,Adenoviridae,0,1,1
Equine_arteritis_virus,Arteriviridae,0,3,2
Equine_encephalosis_virus,Reoviridae,0,3,2
Equine_foamy_virus,Retroviridae,0,1,1
Equine_infectious_anemia_virus,Retroviridae,0,1,1
Equine_papillomavirus_1,Papillomaviridae,0,1,1
Equine_rhinitis_A_virus,Picornaviridae,0,2,1
Equine_rhinitis_B_virus,Picornaviridae,0,1,1
Equine_torovirus,Coronaviridae,0,1,1
Eubenangee_virus,Reoviridae,0,1,1
European_bat_lyssavirus_1,Rhabdoviridae,1,18,3
European_bat_lyssavirus_2,Rhabdoviridae,1,7,1
European_brown_hare_syndrome_virus,Caliciviridae,0,2,1
European_elk_papillomavirus,Papillomaviridae,0,1,1
Everglades_virus,Togaviridae,1,8,3
Eyach_virus,Reoviridae,1,6,3
Felid_herpesvirus_1,Herpesviridae,0,5,1
Feline_astrovirus,Astroviridae,0,2,1
Feline_calicivirus,Caliciviridae,0,10,1
Feline_coronavirus,Coronaviridae,0,7,1
Feline_foamy_virus,Retroviridae,0,2,1
Feline_immunodeficiency_virus,Retroviridae,0,5,1
Feline_leukemia_virus,Retroviridae,0,4,1
Feline_panleukopenia_virus,Parvoviridae,0,8,1
Feline_papillomavirus,Papillomaviridae,0,1,1
Fikirini,Rhabdoviridae,0,1,1
Filovirus,Filoviridae,0,115,4
Flexal_virus,Arenaviridae,1,4,1
Fomede,Reoviridae,0,1,1
Foot-and-mouth_disease_virus,Picornaviridae,1,77,6
Gan_Gan_virus,Bunyaviridae,1,6,3
GB_virus_A,Flaviviridae,0,6,1
GB_virus_B,Flaviviridae,0,2,1
GB_virus_C,Flaviviridae,1,1,1
GB_virus_D,Flaviviridae,0,1,1
Gbagroube virus,Arenaviridae,0,1,1
Getah_virus,Togaviridae,1,3,1
Gibbon_ape_leukemia_virus,Retroviridae,1,1,1
Goat_adenovirus,Adenoviridae,0,1,1
Goatpox_virus,Poxviridae,0,1,1
Gossas_virus,Rhabdoviridae,0,1,1
Great_Island_virus,Reoviridae,1,1,1
Ground_squirrel_hepatitis_virus,Hepadnaviridae,0,2,1
Guama_virus,Bunyaviridae,1,12,3
Guanarito_virus,Arenaviridae,1,4,1
Guaroa_virus,Bunyaviridae,1,1,1
Guinea_pig_adenovirus,Adenoviridae,0,1,1
Guinea_pig_type-C_oncovirus,Retroviridae,0,1,1
H-1_parvovirus,Parvoviridae,0,1,1
Hamster_oral_papillomavirus,Papillomaviridae,0,1,1
Hamster_parvovirus,Parvoviridae,0,1,1
Hamster_polyomavirus,Polyomaviridae,0,1,1
Hanta _virus _pulmonatory _syndrome,Hantaviridae,0,2,1
Hantaan_virus,Bunyaviridae,1,9,2
Hare_fibroma_virus,Poxviridae,0,2,1
Hendra_virus,Paramyxoviridae,1,15,2
Hepatitis _C,Hepeviridae,0,3,1
Hepatitis_A_virus,Picornaviridae,1,5,1
Hepatitis_B_virus,Hepadnaviridae,1,13,2
Hepatitis_E_virus,Hepeviridae,1,21,5
Herpes_B,Herpesviridae,1,7,1
Highlands_J_virus,Togaviridae,0,3,2
Hipposideros adenovirus,Adenoviridae,0,1,1
Hippotragine_herpesvirus_1,Herpesviridae,0,1,1
Hokkaido,Bunyaviridae,1,1,1
Huangpi,Hantaviridae,0,1,1
Human_adenovirus_A,Adenoviridae,1,1,1
Human_adenovirus_B,Adenoviridae,1,4,2
Human_adenovirus_C,Adenoviridae,1,4,2
Human_adenovirus_E,Adenoviridae,1,2,1
Human_adenovirus_F,Adenoviridae,1,2,1
Human_coronavirus_229E,Coronaviridae,1,1,1
Human_enterovirus_A,Picornaviridae,1,2,1
Human_enterovirus_B,Picornaviridae,1,2,1
Human_enterovirus_D,Picornaviridae,1,3,1
Human_herpesvirus_1,Herpesviridae,1,5,2
Human_herpesvirus_5,Herpesviridae,1,1,1
Human_norovirus-Alphatron,Caliciviridae,1,3,1
Human_parainfluenza_virus_1,Paramyxoviridae,1,1,1
Human_parainfluenza_virus_2,Paramyxoviridae,1,2,1
Human_parainfluenza_virus_3,Paramyxoviridae,1,3,1
Human_picobirnavirus,Picobirnaviridae,1,12,6
Ia _io _picornavirus _1,Picornaviridae,0,1,1
Ife_virus,Reoviridae,0,7,3
Igbo-ora,Togaviridae,1,4,1
Ilheus_virus,Flaviviridae,1,21,4
Influenza_A_virus,Orthomyxoviridae,1,36,4
Influenza_B_virus,Orthomyxoviridae,1,2,2
Influenza_C_virus,Orthomyxoviridae,1,2,1
Ippy_virus,Arenaviridae,0,5,1
Irkut_virus,Rhabdoviridae,1,4,2
Isfahan_virus,Rhabdoviridae,1,2,1
Isla_Vista_virus,Bunyaviridae,0,2,1
Issyk-Kul_virus,Bunyaviridae,1,14,1
Itaporanga_virus,Bunyaviridae,0,1,1
Jaagsiekte_sheep_retrovirus,Retroviridae,0,2,1
Jamestown _Canyon,Bunyaviridae,1,11,3
Japanaut_virus,Reoviridae,0,1,1
Japanese_encephalitis_virus,Flaviviridae,1,26,3
Jugra_virus,Flaviviridae,0,1,1
Junin_virus,Arenaviridae,1,8,2
Juquitiba-like,Bunyaviridae,1,2,1
Jurona_virus,Rhabdoviridae,0,1,1
Jutiapa_virus,Flaviviridae,0,1,1
J-virus,Paramyxoviridae,0,1,1
Kaeng_Khoi_virus,Bunyaviridae,0,3,2
Kairi_virus,Bunyaviridae,1,3,2
Kasokero_virus,Bunyaviridae,1,1,1
Kern_Canyon_virus,Rhabdoviridae,0,1,1
Keterah,Nairoviridae,0,1,1
Keuraliba_virus,Rhabdoviridae,0,1,1
Khabarovsk_virus,Bunyaviridae,0,3,1
Khujand_virus,Rhabdoviridae,1,8,4
Kilham_rat_virus,Parvoviridae,0,2,1
Kodoko,Arenaviridae,0,1,1
Kokobera_virus,Flaviviridae,1,7,3
Kolente_virus,Rhabdoviridae,0,1,1
Koongol_virus,Bunyaviridae,0,3,2
Kotonkan_virus,Rhabdoviridae,1,3,3
Koutango_virus,Flaviviridae,1,3,1
Kyasanur_Forest_disease_virus,Flaviviridae,1,25,5
La _crosse,Bunyaviridae,1,6,4
Lactate_dehydrogenase-elevating_virus,Arteriviridae,0,1,1
Lagos_bat_virus,Rhabdoviridae,0,8,1
Laguna_Negra_virus,Bunyaviridae,1,4,1
Lake_Victoria_marburgvirus,Filoviridae,1,6,2
Langur_virus,Retroviridae,0,2,1
Lapine_parvovirus,Parvoviridae,0,1,1
Lassa_virus,Arenaviridae,1,9,2
Latino_virus,Arenaviridae,0,2,1
Lebombo_virus,Reoviridae,1,2,1
Limestone Canyon virus,Bunyaviridae,0,1,1
Ljungan_virus,Picornaviridae,1,10,3
Lleida _bat _lyssavirus,Rhabdoviridae,0,1,1
Lloviu,"	Filoviridae",0,3,1
Longquan,Hantaviridae,0,2,1
Louping_ill_virus,Flaviviridae,1,14,5
Lumpy_skin_disease_virus,Poxviridae,0,11,1
Luxi virus,Bunyaviridae,0,1,1
Lymphocytic_choriomeningitis_virus,Arenaviridae,1,20,2
Macaque_simian_foamy_virus,Retroviridae,0,1,1
Machupo_virus,Arenaviridae,1,2,1
Macropodid_herpesvirus_1,Herpesviridae,0,2,1
Macropodid_herpesvirus_2,Herpesviridae,0,2,1
Madrid_virus,Bunyaviridae,0,1,1
Magboi,Hantaviridae,0,1,1
Main_Drain_virus,Bunyaviridae,0,2,2
Malignant _catarrhal _fever,Herpesviridae,0,4,1
Malsoor,Phenuiviridae,0,1,1
Mammalian_orthoreovirus,Reoviridae,0,3,3
Manzanilla_virus,Bunyaviridae,0,1,1
Mapuera_virus,Paramyxoviridae,0,1,1
Maraba_virus,Rhabdoviridae,0,1,1
Marburg Virus (MARV),Filoviridae,1,5,2
Marituba_virus,Bunyaviridae,1,11,4
Marmodid_herpesvirus_1,Herpesviridae,0,1,1
Mason-Pfizer_monkey_virus,Retroviridae,0,2,2
Mastomys_natalensis_papillomavirus,Papillomaviridae,0,1,1
Maule,unknown,0,1,1
Mayaro_virus,Togaviridae,1,24,6
Menangle_virus,Paramyxoviridae,1,5,2
Menekre_virus,Arenaviridae,0,1,1
MERS,Coronaviridae,1,5,4
Middelburg_virus,Togaviridae,0,2,1
Minatitlan_virus,Bunyaviridae,0,2,2
Mink_astrovirus,Astroviridae,0,1,1
Mink_calicivirus,Caliciviridae,0,1,1
Mink_enteric_sapovirus,Caliciviridae,0,1,1
Minute_virus_of_mice,Parvoviridae,0,2,1
MmBoV-1,Coronaviridae,0,1,1
Mobala_virus,Arenaviridae,1,5,1
Modoc_virus,Flaviviridae,1,7,1
Mokola_virus,Rhabdoviridae,1,8,5
Molluscum _contagiosum-like,Poxviridae,0,1,1
Moloney_murine_sarcoma_virus,Retroviridae,0,1,1
Monkeypox_virus,Poxviridae,1,18,4
Monongahela,Bunyaviridae,1,2,1
Montana _myotis _leucoenc.,Flaviviridae,0,1,1
Montana_myotis_leukoencephalitis_virus,Flaviviridae,0,1,1
Mopeia_virus,Arenaviridae,0,3,1
morbillivirus,Paramyxoviridae,0,6,2
Morogoro,Arenaviridae,1,2,1
Mossman virus,Paramyxoviridae,0,2,1
Mount _Elgon _bat,Rhabdoviridae,0,1,1
Mount_Elgon_bat_virus,Rhabdoviridae,0,2,1
Mouse_mammary_tumor_virus,Retroviridae,0,1,1
Mouse_parvovirus_1,Parvoviridae,0,1,1
Mouyassué,Hantaviridae,0,1,1
MRPV-1,unknown,0,1,1
Ms _picornavirus _1,Picornaviridae,0,1,1
MSPV-1,unknown,0,1,1
Mucambo_virus,Togaviridae,0,4,2
Muju,Bunyaviridae,1,1,1
Muleshoe_virus,Bunyaviridae,0,1,1
Murid_herpesvirus_1,Herpesviridae,0,6,1
Murid_herpesvirus_2,Herpesviridae,0,7,1
Murid_herpesvirus_3,Herpesviridae,0,1,1
Murid_herpesvirus_4,Herpesviridae,0,6,1
Murid_herpesvirus_5,Herpesviridae,0,1,1
Murine_adenovirus_A,Adenoviridae,0,1,1
Murine_adenovirus_B,Adenoviridae,0,1,1
Murine_hepatitis_virus,Coronaviridae,0,1,1
Murine_leukemia_virus,Retroviridae,0,3,1
Murine_norovirus_1,Caliciviridae,0,2,1
Murine_pneumonia_virus,Paramyxoviridae,1,7,1
Murine_pneumotropic_virus,Polyomaviridae,0,2,1
Murine_polyomavirus,Polyomaviridae,0,1,1
Murray_Valley_encephalitis_virus,Flaviviridae,1,8,4
Mustelid_herpesvirus_1,Herpesviridae,0,2,1
Myxoma_virus,Poxviridae,0,3,1
Nariva_virus,Paramyxoviridae,0,1,1
Ndumu_virus,Togaviridae,1,1,1
Nelson_Bay_orthoreovirus,Reoviridae,0,2,1
Nepuyo,Bunyaviridae,0,1,1
new betaherpesvirus clade 4,Herpesviridae,0,5,1
new gammaherpesvirus clade 2,Herpesviridae,0,9,1
new poxvirus of red squirrels,Poxviridae,0,1,1
New_York_virus,Bunyaviridae,1,1,1
Nipah_virus,Paramyxoviridae,1,31,4
Norovirus,Callciviridae,1,1,1
Norwalk_virus,Caliciviridae,1,1,1
Ntaya_virus,Flaviviridae,0,1,1
Nyctalus noctula coronavirus,Coronaviridae,0,1,1
Oita_virus,Rhabdoviridae,0,5,1
Oliveros_virus,Arenaviridae,1,2,1
Omsk_hemorrhagic_fever_virus,Flaviviridae,1,4,2
Ondatra zibethicus cytomegalovirus 1,Herpesviridae,0,1,1
O'nyong-nyong_virus,Togaviridae,1,9,2
Oran,Hantaviridae,1,1,1
Orf_virus,Poxviridae,1,9,2
Oriboca_virus,Bunyaviridae,1,7,3
Oropouche_virus,Bunyaviridae,1,3,3
Orungo_virus,Reoviridae,1,3,1
Ovine_adenovirus_A,Adenoviridae,0,1,1
Ovine_adenovirus_D,Adenoviridae,0,1,1
Ovine_astrovirus,Astroviridae,0,1,1
Ovine_herpesvirus_2,Herpesviridae,0,18,1
Ovine_papillomavirus_1,Papillomaviridae,0,1,1
Palmarito,Arenaviridae,0,1,1
Palyam_virus,Reoviridae,1,3,1
Pampa_virus,Arenaviridae,0,1,1
Parainfluenza_virus_5,Paramyxoviridae,1,2,1
Paramyxoviruses,Paramyxoviridae,0,1,1
Parana_virus,Arenaviridae,0,1,1
Parapoxvirus_of_red_deer_in_New_Zealand,Poxviridae,0,1,1
Paris _dicistrovirus,Dicistroviridae,0,1,1
Parixa,Herpesviridae,0,1,1
parvoviruses,Paroviridae,0,4,1
Patois_virus,Bunyaviridae,1,10,5
Peruvian_horse_sickness_virus,Reoviridae,0,1,1
Peste-des-petits-ruminants_virus,Paramyxoviridae,0,10,1
Pestiviruses,Flaviviridae,0,3,1
Phnom_Penh_bat_virus,Flaviviridae,0,1,1
Phnom-Penh _bat,Flaviviridae,0,2,1
Phocid_herpesvirus_1,Herpesviridae,0,5,1
Phocine_distemper_virus,Paramyxoviridae,0,4,1
Phocoena_spinipinnis_papillomavirus,Papillomaviridae,0,1,1
Pichinde_virus,Arenaviridae,1,4,1
Picobirnavirus,Picobirnaviridae ,1,4,3
Pig-tailed_macaque_parvovirus,Parvoviridae,0,1,1
Pinhal,Arenaviridae,0,1,1
Pirital_virus,Arenaviridae,1,3,1
Pixuna_virus,Togaviridae,1,2,1
Playa de Oro virus,Bunyaviridae,0,2,1
Pongine_herpesvirus_1,Herpesviridae,0,1,1
Pongine_herpesvirus_2,Herpesviridae,0,1,1
Pongine_herpesvirus_3,Herpesviridae,0,1,1
Pongine_herpesvirus_4,Herpesviridae,0,1,1
Porcine_adenovirus_A,Adenoviridae,0,1,1
Porcine_adenovirus_B,Adenoviridae,0,1,1
Porcine_adenovirus_C,Adenoviridae,0,1,1
Porcine_astrovirus,Astroviridae,0,1,1
Porcine_circovirus-1,Circoviridae,0,1,1
Porcine_circovirus-2,Circoviridae,0,1,1
Porcine_enteric_sapovirus,Caliciviridae,0,1,1
Porcine_enterovirus_A,Picornaviridae,0,1,1
Porcine_enterovirus_B,Picornaviridae,0,1,1
Porcine_epidemic_diarrhea_virus,Coronaviridae,0,1,1
Porcine_hemagglutinating_encephalomyelitis_virus,Coronaviridae,0,1,1
Porcine_parvovirus,Parvoviridae,0,1,1
Porcine_reproductive_and_respiratory_syndrome_virus,Arteriviridae,0,1,1
Porcine_rubulavirus,Paramyxoviridae,0,2,2
Porcine_teschovirus,Picornaviridae,0,1,1
Porcine_torovirus,Coronaviridae,0,1,1
Porcine_type-C_oncovirus,Retroviridae,0,1,1
Possum_adenovirus,Adenoviridae,0,1,1
Powassan_virus,Flaviviridae,1,13,3
Pox _virus,Poxviridae,0,4,1
Primate_T-lymphotropic_virus_1,Retroviridae,1,10,1
Primate_T-lymphotropic_virus_2,Retroviridae,1,1,1
Primate_T-lymphotropic_virus_3,Retroviridae,1,6,1
Prospect_Hill_virus,Bunyaviridae,1,5,1
Pseudocowpox_virus,Poxviridae,1,4,1
Pulau,Reoviridae,0,1,1
Puma_lentivirus,Retroviridae,0,2,1
Punta_Toro_virus,Bunyaviridae,1,5,2
Puumala_virus,Bunyaviridae,1,8,3
Qalyub_virus,Bunyaviridae,0,6,1
Ra _pestivirus _1,Flaviviridae,0,1,1
Ra _picornavirus _1,Picornaviridae,0,1,1
Rabbit_coronavirus,Coronaviridae,0,1,1
Rabbit_fibroma_virus,Poxviridae,0,1,1
Rabbit_hemorrhagic_disease_virus,Caliciviridae,0,3,2
Rabbit_kidney_vacuolating_virus,Polyomaviridae,0,1,1
Rabbit_oral_papillomavirus,Papillomaviridae,0,1,1
Rabies_virus,Rhabdoviridae,1,160,5
Racoonpox_virus,Poxviridae,0,2,1
Rat_coronavirus,Coronaviridae,0,1,1
Rat_minute_virus_1,Parvoviridae,0,1,1
Rat_parvovirus_1,Parvoviridae,0,1,1
Rattus norvegicus papillomavirus,Papillomaviridae,0,1,1
Real Catorce virus (not Tacaribe),Arenaviridae,0,1,1
Reston_ebolavirus,Filoviridae,1,26,4
Rhesus_macaque_parvovirus,Parvoviridae,0,1,1
Rhesus_monkey_papillomavirus_1,Papillomaviridae,0,2,1
Rift_Valley_fever_virus,Bunyaviridae,1,35,6
Rinderpest_virus,Paramyxoviridae,0,11,1
Rio_Bravo_virus,Flaviviridae,1,19,1
Rio_Mamore_virus,Bunyaviridae,1,3,1
Rio_Segundo_virus,Bunyaviridae,0,2,1
Rocky Mountain bat coronavirus,Coronaviridae,0,5,1
Ross_River_virus,Togaviridae,1,16,4
Rotavirus_A,Reoviridae,1,14,4
Rotavirus_B,Reoviridae,1,3,1
Rotavirus_C,Reoviridae,1,2,1
Rotavirus_E,Reoviridae,0,1,1
RVA/Bat-tc/MYAS33,Reoviridae,0,1,1
Ryukyu,"	Adenoviridae",0,1,1
S hirsutus-associated hantavirus,Bunyaviridae,0,1,1
Saboya_virus,Flaviviridae,0,4,2
Saimiriine_herpesvirus_1,Herpesviridae,0,1,1
Saimiriine_herpesvirus_2,Herpesviridae,0,1,1
Sal_Vieja_virus,Flaviviridae,0,2,1
Salehabad_virus,Bunyaviridae,0,4,2
Salem_virus,Paramyxoviridae,0,1,1
San _Miguel _Sea _Lion,Caliciviridae,0,2,1
San_Perlita_virus,Flaviviridae,0,2,1
Sandfly_fever_Naples_virus,Bunyaviridae,1,1,1
Sandfly_fever_Sicilian_virus,Bunyaviridae,1,8,2
Sangassou virus,Bunyaviridae,0,1,1
Sathuperi_virus,Bunyaviridae,0,1,1
Sciurid_herpesvirus_1,Herpesviridae,0,1,1
Sciurid_herpesvirus_2,Herpesviridae,0,1,1
Sealpox,Poxviridae,0,5,2
Sealpox_virus,Poxviridae,1,1,1
Semliki_Forest_virus,Togaviridae,1,4,3
Sendai_virus,Paramyxoviridae,0,12,4
Seoul_virus,Bunyaviridae,1,6,1
Sepik_virus,Flaviviridae,0,4,1
Serang virus,Bunyaviridae,0,1,1
Sers _gammaretrovirus,Retroviridae,0,1,1
Sers _nodavirus,Nodaviridae,0,1,1
Severe_acute_respiratory_syndrome-related_coronavirus,Coronaviridae,1,20,4
Shamonda_virus,Bunyaviridae,1,3,1
Sheeppox_virus,Poxviridae,0,2,1
Shimoni _bat,Rhabdoviridae,0,1,1
Shuni_virus,Bunyaviridae,1,2,1
Simbu_virus,Bunyaviridae,0,2,1
Simian _retrovirus _type _D,Retroviridae,0,33,2
Simian_adenovirus,Adenoviridae,0,2,1
Simian_enterovirus_A,Picornaviridae,0,4,1
Simian_foamy_virus,Retroviridae,1,56,3
Simian_hemorrhagic_fever_virus,Arteriviridae,0,5,1
Simian_immunodeficiency_virus,Retroviridae,0,25,2
Simian_parvovirus,Parvoviridae,1,1,1
Simian_virus_10,Paramyxoviridae,1,2,2
Simian_virus_12,Polyomaviridae,0,1,1
Simian_virus_40,Polyomaviridae,1,2,1
Simian_virus_5,Paramyxoviridae,0,3,1
simplexvirus,Herpesviridae,0,1,1
Sin_Nombre_virus,Bunyaviridae,1,14,1
Sindbis_virus,Togaviridae,1,11,7
Skinner Tank,Arenaviridae,0,1,1
Sokuluk,Flaviviridae,0,1,1
Soromba,Arenaviridae,1,1,1
Sosuga,Paramyxoviridae,0,1,1
Southern_elephant_seal_virus,Togaviridae,0,1,1
Squirrel_adenovirus,Adenoviridae,0,1,1
Squirrel_fibroma_virus,Poxviridae,0,2,1
Squirrel_monkey_retrovirus,Retroviridae,0,1,1
Squirrel_parapoxvirus,Poxviridae,0,2,1
St._Louis_encephalitis_virus,Flaviviridae,1,65,9
Suid_herpesvirus_1,Herpesviridae,1,10,2
Swine _Vesicular _Disease,Picornaviridae,1,1,1
Swine_norovirus,Caliciviridae,0,1,1
Swinepox_virus,Poxviridae,0,1,1
Tacaiuma_virus,Bunyaviridae,1,2,2
Tacaribe_virus,Arenaviridae,1,9,1
Tahyna,Bunyaviridae,1,5,3
Tamana_bat_virus,Flaviviridae,0,13,1
Tamdy,Bunyaviridae,1,2,2
Tamiami_virus,Arenaviridae,0,2,1
Tanapox_virus,Poxviridae,1,1,1
Taterapox_virus,Poxviridae,0,1,1
Tembusu_virus,Flaviviridae,1,2,2
Thailand_virus,Bunyaviridae,1,2,1
Theilovirus,Picornaviridae,0,7,1
Thiafora_virus,Bunyaviridae,1,7,3
Thogoto_virus,Orthomyxoviridae,1,6,3
Thottapalayam_virus,Bunyaviridae,1,1,1
Tick-borne_encephalitis_virus,Flaviviridae,1,18,4
Tioman_virus,Paramyxoviridae,1,4,2
Tonto _Creek,Arenaviridae,1,1,1
Topografov_virus,Bunyaviridae,0,1,1
Torque_Teno_virus,Anelloviridae,1,10,2
Toscana,Phenuiviridae,0,1,1
Transmissible_gastroenteritis_virus,Coronaviridae,0,1,1
Tree_shrew_adenovirus,Adenoviridae,0,1,1
Trubanaman_virus,Bunyaviridae,1,9,4
TT,Anelloviridae,1,7,4
Tuhokovirus,Paramyxoviridae,0,1,1
Tula_virus,Bunyaviridae,1,10,1
Tupaia_paramyxovirus,Paramyxoviridae,0,1,1
Turlock_virus,Bunyaviridae,0,2,2
Tylonycteris bat coronavirus HKU4,Coronaviridae,0,1,1
Uganda_S_virus,Flaviviridae,0,4,2
Una_virus,Togaviridae,1,2,2
Upolu_virus,Bunyaviridae,0,1,1
Usutu_virus,Flaviviridae,1,3,2
Uukuniemi_virus,Bunyaviridae,1,3,2
Vaccinia_virus,Poxviridae,1,9,3
Venezuelan_equine_encephalitis_virus,Togaviridae,1,37,5
Vesicular_exanthema_of_swine_virus,Caliciviridae,0,10,2
Vesicular_stomatitis_Alagoas_virus,Rhabdoviridae,1,2,1
Vesicular_stomatitis_Indiana_virus,Rhabdoviridae,1,72,9
Vesicular_stomatitis_New_Jersey_virus,Rhabdoviridae,1,14,4
Visna/maedi_virus,Retroviridae,0,1,1
Volepox_virus,Poxviridae,0,2,1
Wad_Medani_virus,Reoviridae,0,8,2
Wallal_virus,Reoviridae,0,4,1
Walrus_calicivirus,Caliciviridae,0,1,1
Warrego_virus,Reoviridae,0,3,1
Wesselsbron_virus,Flaviviridae,1,12,4
West_Caucasian_bat_virus,Rhabdoviridae,0,1,1
West_Nile_virus,Flaviviridae,1,51,6
Western_equine_encephalitis_virus,Togaviridae,1,18,6
Whitewater_Arroyo_virus,Arenaviridae,1,22,1
Witwatersrand_virus,Bunyaviridae,0,8,1
Wongorr_virus,Reoviridae,0,1,1
Woodchuck_hepatitis_virus,Hepadnaviridae,0,1,1
Woolly_monkey_sarcoma_virus,Retroviridae,1,1,1
Wyeomyia_virus,Bunyaviridae,1,1,1
Xi _river,Reoviridae,0,1,1
Xuan _son,Hantaviridae,0,1,1
Yaba_monkey_tumor_virus,Poxviridae,1,7,1
Yellow_fever_virus,Flaviviridae,1,29,3
Yogue_virus,Bunyaviridae,0,1,1
Yokose_virus,Flaviviridae,0,2,1
Zaire_ebolavirus,Filoviridae,1,20,5
Zegla_virus,Bunyaviridae,0,1,1
Zika_virus,Flaviviridae,1,22,5
Allpahuayo ,Arenaviridae,0,1,1
Alphacoronavirus 1, Coronaviridae,0,3,3
Baboon Cytomegalovirus/eye/CII-163,Herpesviridae,0,1,1
Baboon Foamy virus,Retroviridae,0,1,1
Bat adenovirus -1,Adenoviridae,0,2,1
Bat adenovirus isolate 1050597,Adenoviridae,0,6,1
Bat Alphacoronavirus/GS2013/HuB2013, Coronaviridae,0,5,1
Bat Astrovirus 1,Astroviridae,0,1,1
Bat Astrovirus AFCD166,Astroviridae,0,2,1
Bat Astrovirus AFCD88,Astroviridae,0,1,1
Bat Astrovirus Hi/Guangxi/PX05/2007,Astroviridae,0,1,1
Bat Astrovirus Mf/WOM990,Astroviridae,0,1,1
Bat Astrovirus Mf/XMM137,Astroviridae,0,1,1
Bat Astrovirus Ms/HK61/CHN/2007,Astroviridae,0,1,1
Bat Astrovirus Ms/sy10/CHN/2008,Astroviridae,0,1,1
Bat Astrovirus Myr/Anhui/A900/2005,Astroviridae,0,1,1
Bat Astrovirus Sk/HK63/CHN/2007,Astroviridae,0,1,1
Bat Astrovirus SK/HK68/HK14/HK15/CHN/2007,Astroviridae,0,1,1
Bat Astrovirus Tm/Guangxi/DX09/2007,Astroviridae,0,1,1
Bat Astrovirus Tm/Guangxi/DX19/2007,Astroviridae,0,1,1
Bat Astrovirus Tm/Guangxi/LD103/2007,Astroviridae,0,1,1
Bat Astrovirus Tm/Guangxi/LD145/2007,Astroviridae,0,3,1
Bat Astrovirus Tm/Guangxi/LD153/2007,Astroviridae,0,1,1
Bat Astrovirus Tm/Guangxi/LD157/2007,Astroviridae,0,1,1
Bat Astrovirus Tm/Guangxi/LD39/2007,Astroviridae,0,3,1
Bat Astrovirus Tm/Guangxi/LD43/2007,Astroviridae,0,1,1
Bat Astrovirus Tm/Guangxi/LD46/2007,Astroviridae,0,3,1
Bat Astrovirus Tm/Guangxi/LD89/2007,Astroviridae,0,3,1
Bat Astrovirus WCF184/WCF168,Astroviridae,0,1,1
Bat Coronavirus 1,Coronaviridae,0,6,1
Bat coronavirus 512/2005,Coronaviridae,0,6,2
Bat coronavirus A977/A970,Coronaviridae,0,1,1
Bat Coronavirus Anlong 57/43,Coronaviridae,0,1,1
Bat Coronavirus BM48-31/BGR/2008,Coronaviridae,0,6,1
Bat coronavirus Gabon/292/2009,Coronaviridae,0,1,1
Bat coronavirus Hipposideros,Coronaviridae,0,4,1
Bat coronavirus Hipposideros/KT/Thailand/2007,Coronaviridae,0,1,1
Bat coronavirus Hipposideros/Ractcha-67/THA/2007,Coronaviridae,0,1,1
Bat Coronavirus HKU10,Coronaviridae,0,3,1
Bat coronavirus HKU2,Coronaviridae,0,9,1
Bat coronavirus HKU4,Coronaviridae,0,1,1
Bat coronavirus HKU5,Coronaviridae,0,1,1
bat coronavirus HKU6,Coronaviridae,0,7,1
Bat coronavirus HKU7,Coronaviridae,0,3,1
Bat coronavirus HKU8,Coronaviridae,0,3,1
Bat coronavirus HKU9,Coronaviridae,0,9,1
Bat Coronavirus RS3376,Coronaviridae,0,1,1
Bat Coronavirus RS4125/4259,Coronaviridae,0,1,1
Bat Coronavirus/KP817/Phy_dis/PAN/2011,Coronaviridae,0,1,1
Bat paramyxovirus isolate BtHp-ParaV/GD2012,Paramyxoviridae,0,1,1
Bat Paramyxovirus R_aeg_UPE766/525/122,Paramyxoviridae,0,1,1
Bat Paramyxovirus Rou_aeg/GB09164/GAB/200,Paramyxoviridae,0,4,1
Bat Paramyxovirus/B16-40,Paramyxoviridae,0,1,1
Betacoronavirus 1,Coronaviridae,0,2,1
Bombali Virus (BOMV),"	Filoviridae",0,2,1
BtVs-BetaCoV/SC2013,Coronaviridae,0,1,1
Cercopithecine herpesvirus 12,Herpesviridae,0,1,1
Cercopithecine herpesvirus 5,Herpesviridae,0,1,1
Cercopithicine Foamy virus,Retroviridae,0,13,1
Chaerephon bat coronavirus/Kenya/KY22/2006,Coronaviridae,0,12,1
Chaerephon bat coronavirus/Kenya/KY41/2006,Coronaviridae,0,2,1
Chaerephon Polyomavirus 1,Polyomaviridae,0,1,1
China/YN06_Hantavirus,Hantaviridae,0,3,2
Chlorocebus rhadinovirus 1,Rhabdoviridae,0,1,1
Coronavirus 229E,Coronaviridae,0,5,1
Eidolon bat coronavirus,Coronaviridae,0,12,1
Eidolon helvum Paramyxovirus/TZ13,Paramyxoviridae,0,1,1
Eidolon helvum Paramyxovirus/U6B,Paramyxoviridae,0,1,1
Eidolon helvum Paramyxovirus/UG23/U67N,Paramyxoviridae,0,1,1
Enterovirus A,Picornaviridae,0,1,1
Enterovirus J,Picornaviridae,0,2,1
Fowl Adenovirus E,Adenoviridae,0,1,1
Gorilla Bocavirus-1,Parvoviridae,0,1,1
Gorilla Cytomegalovirus 2,Herpesviridae,0,2,1
Gorilla lymphocryptovirus 1,Herpesviridae,0,5,1
Gorilla Lymphocryptovirus 2,Herpesviridae,0,2,1
Gorilla Polyomavirus 1,Polyomaviridae,0,1,1
Gorilla Polyomavirus 2,Polyomaviridae,0,2,1
Gorilla Rhadinovirus 1,Rhabdoviridae,0,2,1
Green monkey lymphocryptovirus/marrow/CII-040,Herpesviridae,0,1,1
Green monkey lymphocryptovirus/marrow/CII-051,Herpesviridae,0,1,1
Hipposideros_Bat_Alphacoronavirus_ MJ/67C,Coronaviridae,0,2,1
Infectious bronchitis virus (IBV),Coronaviridae,0,2,2
Influenza A,"	Orthomyxoviridae",0,6,3
"Influenza A, subtype H18N11","	Orthomyxoviridae",0,1,1
Juquitiba _virus,Hantaviridae,0,7,3
Kenya bat coronavirus BtKY33/2006,Coronaviridae,0,2,1
Kenya bat coronavirus BtKY66/65/63/60,Coronaviridae,0,2,1
Kenya bat coronavirus BtKY83/59/58,Coronaviridae,0,1,1
Kenya bat coronavirus/BtKY56/BtKY55,Coronaviridae,0,12,1
Lassa mammarenavirus,Arenaviridae,0,1,1
Longquan Aa mouse coronavirus,Coronaviridae,0,12,2
Lophocebus aterrimus Lymphocryptovirus 1,Herpesviridae,0,3,1
Lophocebus Foamy virus,Retroviridae,0,1,1
Macaca fascicularis lymphocryptovirus,Herpesviridae,0,1,1
Macaca fascicularis rhadinovirus 1,Rhabdoviridae,0,2,1
Macacine herpesvirus 1,Herpesviridae,0,2,1
Macacine Herpesvirus 3,Herpesviridae,0,2,1
Macacine herpesvirus 4/Africa,Herpesviridae,0,6,1
Macacine herpesvirus 4/Asia,Herpesviridae,0,9,1
Macacine Herpesvirus 5,Herpesviridae,0,1,1
Macaque Foamy virus,Rhabdoviridae,0,8,1
Mamastrovirus-1,Astroviridae,0,2,2
Mamastrovirus-12,Astroviridae,0,1,1
Mamastrovirus-19,Astroviridae,0,2,1
Mamastrovirus-25,Astroviridae,0,5,1
Mamastrovirus-5,Astroviridae,0,1,1
Mamastrovirus-6,Astroviridae,0,1,1
Mamastrovirus-9,Astroviridae,0,1,1
Miniopterus fuliginosus Astrovirus XMM445,Astroviridae,0,1,1
Miniopterus schreibersii Astrovirus 12,Astroviridae,0,1,1
Miniopterus schreibersii Astrovirus 4,Astroviridae,0,3,1
Miniopterus schreibersii Astrovirus 6/11/12,Astroviridae,0,1,1
Miniopterus schreibersii Astrovirus 7,Astroviridae,0,1,1
Miniopterus schreibersii Astrovirus 8,Astroviridae,0,2,1
Miniopterus schreibersii Astrovirus 9,Astroviridae,0,1,1
Murid Herpesvirus 1,Herpesviridae,0,1,1
Murid Herpesvirus 2,Herpesviridae,0,2,1
Murine adenovirus 2,Adenoviridae,0,1,1
Murine coronavirus,Coronaviridae,0,23,2
Myotis alphacoronavirus,Coronaviridae,0,2,1
Newcastle_Disease_Virus,Paramyxoviridae,0,1,1
Orangutan_Simian_Foamy_virus,Retroviridae,0,1,1
Pan_troglodytes_lymphocryptovirus_1,Herpesviridae,0,1,1
Panine_herpesvirus_2,Herpesviridae,0,2,1
Papiine_Herpesvirus_1,Herpesviridae,0,23,1
Paramyxovirus_IFBPV25/2011,Paramyxoviridae,0,1,1
PesteÂ desÂ petits_ruminantsÂ (PPR),Paramyxoviridae,0,1,1
Philippines/Diliman1525G2/2008,Coronaviridae,0,3,1
Pilocolobus_badius_Lymphocryptovirus_2,Herpesviridae,0,2,1
Pongo_pygmaeus_cytomegalovirus_1,Herpesviridae,0,1,1
Pongo_pygmaeus_lymphocryptovirus_1,Herpesviridae,0,1,1
Porcine_Parainfluenzavirus_1,Paramyxoviridae,0,1,1
PREDICT_AaV-1, Parvoviridae,0,1,1
PREDICT_AaV-10, Parvoviridae,0,1,1
PREDICT_AaV-11, Parvoviridae,0,1,1
PREDICT_AaV-2, Parvoviridae,0,1,1
PREDICT_AaV-3, Parvoviridae,0,1,1
PREDICT_AaV-4, Parvoviridae,0,1,1
PREDICT_AaV-5, Parvoviridae,0,1,1
PREDICT_AaV-6, Parvoviridae,0,1,1
PREDICT_AaV-7, Parvoviridae,0,1,1
PREDICT_AaV-8, Parvoviridae,0,1,1
PREDICT_AaV-9, Parvoviridae,0,1,1
PREDICT_AdV-1,Adenoviridae,0,1,1
PREDICT_AdV-10,Adenoviridae,0,1,1
PREDICT_AdV-11,Adenoviridae,0,1,1
PREDICT_AdV-12,Adenoviridae,0,1,1
PREDICT_AdV-13,Adenoviridae,0,4,1
PREDICT_AdV-14,Adenoviridae,0,1,1
PREDICT_AdV-15,Adenoviridae,0,1,1
PREDICT_AdV-16,Adenoviridae,0,3,1
PREDICT_AdV-17,Adenoviridae,0,2,1
PREDICT_AdV-2,Adenoviridae,0,1,1
PREDICT_AdV-20,Adenoviridae,0,1,1
PREDICT_AdV-22,Adenoviridae,0,1,1
PREDICT_AdV-23,Adenoviridae,0,1,1
PREDICT_AdV-24,Adenoviridae,0,2,1
PREDICT_AdV-26,Adenoviridae,0,1,1
PREDICT_AdV-27,Adenoviridae,0,1,1
PREDICT_AdV-28,Adenoviridae,0,1,1
PREDICT_AdV-29,Adenoviridae,0,2,1
PREDICT_AdV-3,Adenoviridae,0,1,1
PREDICT_AdV-30,Adenoviridae,0,1,1
PREDICT_AdV-31,Adenoviridae,0,1,1
PREDICT_AdV-32,Adenoviridae,0,1,1
PREDICT_AdV-33,Adenoviridae,0,1,1
PREDICT_AdV-34,Adenoviridae,0,1,1
PREDICT_AdV-35,Adenoviridae,0,3,1
PREDICT_AdV-36,Adenoviridae,0,1,1
PREDICT_AdV-37,Adenoviridae,0,2,1
PREDICT_AdV-38,Adenoviridae,0,3,1
PREDICT_AdV-39,Adenoviridae,0,1,1
PREDICT_AdV-4,Adenoviridae,0,1,1
PREDICT_AdV-40,Adenoviridae,0,1,1
PREDICT_AdV-41,Adenoviridae,0,2,1
PREDICT_AdV-42,Adenoviridae,0,1,1
PREDICT_AdV-44,Adenoviridae,0,1,1
PREDICT_AdV-46,Adenoviridae,0,1,1
PREDICT_AdV-48,Adenoviridae,0,1,1
PREDICT_AdV-49,Adenoviridae,0,1,1
PREDICT_AdV-5,Adenoviridae,0,1,1
PREDICT_AdV-50,Adenoviridae,0,1,1
PREDICT_AdV-51,Adenoviridae,0,1,1
PREDICT_AdV-52,Adenoviridae,0,1,1
PREDICT_AdV-53,Adenoviridae,0,1,1
PREDICT_AdV-54,Adenoviridae,0,1,1
PREDICT_AdV-55,Adenoviridae,0,2,1
PREDICT_AdV-56,Adenoviridae,0,1,1
PREDICT_AdV-57,Adenoviridae,0,1,1
PREDICT_AdV-58,Adenoviridae,0,1,1
PREDICT_AdV-59,Adenoviridae,0,1,1
PREDICT_AdV-6,Adenoviridae,0,1,1
PREDICT_AdV-60,Adenoviridae,0,1,1
PREDICT_AdV-61,Adenoviridae,0,1,1
PREDICT_AdV-62,Adenoviridae,0,1,1
PREDICT_AdV-63,Adenoviridae,0,1,1
PREDICT_AdV-64,Adenoviridae,0,2,1
PREDICT_AdV-65,Adenoviridae,0,1,1
PREDICT_AdV-66,Adenoviridae,0,2,1
PREDICT_AdV-67,Adenoviridae,0,1,1
PREDICT_AdV-68,Adenoviridae,0,1,1
PREDICT_AdV-69,Adenoviridae,0,2,2
PREDICT_AdV-7,Adenoviridae,0,1,1
PREDICT_AdV-70,Adenoviridae,0,1,1
PREDICT_AdV-71,Adenoviridae,0,1,1
PREDICT_AdV-72,Adenoviridae,0,1,1
PREDICT_AdV-73,Adenoviridae,0,1,1
PREDICT_AdV-74,Adenoviridae,0,2,1
PREDICT_AdV-75,Adenoviridae,0,5,1
PREDICT_AdV-77,Adenoviridae,0,1,1
PREDICT_AdV-78,Adenoviridae,0,1,1
PREDICT_AdV-79,Adenoviridae,0,1,1
PREDICT_AdV-8,Adenoviridae,0,1,1
PREDICT_AdV-80,Adenoviridae,0,1,1
PREDICT_AdV-81,Adenoviridae,0,1,1
PREDICT_AdV-83,Adenoviridae,0,2,1
PREDICT_AdV-84,Adenoviridae,0,1,1
PREDICT_AdV-85,Adenoviridae,0,1,1
PREDICT_AdV-86,Adenoviridae,0,1,1
PREDICT_AdV-87,Adenoviridae,0,3,1
PREDICT_AdV-88,Adenoviridae,0,1,1
PREDICT_AdV-89,Adenoviridae,0,1,1
PREDICT_AdV-9,Adenoviridae,0,1,1
PREDICT_AdV-90,Adenoviridae,0,4,2
PREDICT_AdV-91,Adenoviridae,0,1,1
PREDICT_ArenaV-2,Arenaviridae,0,1,1
PREDICT_BoV-1,"	Nodaviridae",0,1,1
PREDICT_CoV-1,Coronaviridae,0,3,1
PREDICT_CoV-10,Coronaviridae,0,1,1
PREDICT_CoV-101,Coronaviridae,0,1,1
PREDICT_CoV-102,Coronaviridae,0,1,1
PREDICT_CoV-103,Coronaviridae,0,3,1
PREDICT_CoV-104,Coronaviridae,0,1,1
PREDICT_CoV-105,Coronaviridae,0,1,1
PREDICT_CoV-106,Coronaviridae,0,1,1
PREDICT_CoV-107,Coronaviridae,0,1,1
PREDICT_CoV-108,Coronaviridae,0,2,1
PREDICT_CoV-109,Coronaviridae,0,1,1
PREDICT_CoV-11,Coronaviridae,0,4,1
PREDICT_CoV-110,Coronaviridae,0,2,1
PREDICT_CoV-111,Coronaviridae,0,1,1
PREDICT_CoV-112,Coronaviridae,0,1,1
PREDICT_CoV-114,Coronaviridae,0,2,1
PREDICT_CoV-115,Coronaviridae,0,1,1
PREDICT_CoV-116,Coronaviridae,0,1,1
PREDICT_CoV-117,Coronaviridae,0,1,1
PREDICT_CoV-12,Coronaviridae,0,1,1
PREDICT_CoV-13,Coronaviridae,0,2,1
PREDICT_CoV-14,Coronaviridae,0,1,1
PREDICT_CoV-15,Coronaviridae,0,2,1
PREDICT_CoV-16,Coronaviridae,0,2,1
PREDICT_CoV-17,Coronaviridae,0,2,1
PREDICT_CoV-2,Coronaviridae,0,1,1
PREDICT_CoV-20,Coronaviridae,0,1,1
PREDICT_CoV-21,Coronaviridae,0,2,1
PREDICT_CoV-22,Coronaviridae,0,3,1
PREDICT_CoV-23,Coronaviridae,0,1,1
PREDICT_CoV-24,Coronaviridae,0,4,1
PREDICT_CoV-25,Coronaviridae,0,2,1
PREDICT_CoV-26,Coronaviridae,0,1,1
PREDICT_CoV-27,Coronaviridae,0,1,1
PREDICT_CoV-28,Coronaviridae,0,1,1
PREDICT_CoV-29,Coronaviridae,0,1,1
PREDICT_CoV-3,Coronaviridae,0,1,1
PREDICT_CoV-30,Coronaviridae,0,4,1
PREDICT_CoV-32,Coronaviridae,0,1,1
PREDICT_CoV-33,Coronaviridae,0,1,1
PREDICT_CoV-34,Coronaviridae,0,1,1
PREDICT_CoV-35,Coronaviridae,0,7,1
PREDICT_CoV-36,Coronaviridae,0,1,1
PREDICT_CoV-37,Coronaviridae,0,3,1
PREDICT_CoV-38,Coronaviridae,0,1,1
PREDICT_CoV-39,Coronaviridae,0,1,1
PREDICT_CoV-4,Coronaviridae,0,4,1
PREDICT_CoV-40,Coronaviridae,0,1,1
PREDICT_CoV-41,Coronaviridae,0,1,1
PREDICT_CoV-43,Coronaviridae,0,2,1
PREDICT_CoV-44,Coronaviridae,0,3,1
PREDICT_CoV-45,Coronaviridae,0,1,1
PREDICT_CoV-46,Coronaviridae,0,1,1
PREDICT_CoV-47,Coronaviridae,0,1,1
PREDICT_CoV-48,Coronaviridae,0,1,1
PREDICT_CoV-49,Coronaviridae,0,1,1
PREDICT_CoV-5,Coronaviridae,0,3,1
PREDICT_CoV-51,Coronaviridae,0,2,1
PREDICT_CoV-52,Coronaviridae,0,3,1
PREDICT_CoV-53,Coronaviridae,0,1,1
PREDICT_CoV-54,Coronaviridae,0,2,1
PREDICT_CoV-55,Coronaviridae,0,1,1
PREDICT_CoV-56,Coronaviridae,0,1,1
PREDICT_CoV-57,Coronaviridae,0,2,1
PREDICT_CoV-58,Coronaviridae,0,1,1
PREDICT_CoV-59,Coronaviridae,0,1,1
PREDICT_CoV-6,Coronaviridae,0,1,1
PREDICT_CoV-60,Coronaviridae,0,3,1
PREDICT_CoV-61,Coronaviridae,0,1,1
PREDICT_CoV-62,Coronaviridae,0,1,1
PREDICT_CoV-63,Coronaviridae,0,1,1
PREDICT_CoV-64,Coronaviridae,0,1,1
PREDICT_CoV-65,Coronaviridae,0,6,1
PREDICT_CoV-66,Coronaviridae,0,2,1
PREDICT_CoV-67,Coronaviridae,0,1,1
PREDICT_CoV-68,Coronaviridae,0,3,1
PREDICT_CoV-7,Coronaviridae,0,1,1
PREDICT_CoV-70,Coronaviridae,0,2,1
PREDICT_CoV-71,Coronaviridae,0,1,1
PREDICT_CoV-74,Coronaviridae,0,1,1
PREDICT_CoV-75,Coronaviridae,0,1,1
PREDICT_CoV-76,Coronaviridae,0,2,2
PREDICT_CoV-77,Coronaviridae,0,1,1
PREDICT_CoV-78,Coronaviridae,0,13,2
PREDICT_CoV-79,Coronaviridae,0,1,1
PREDICT_CoV-8,Coronaviridae,0,1,1
PREDICT_CoV-81,Coronaviridae,0,2,1
PREDICT_CoV-82,Coronaviridae,0,1,1
PREDICT_CoV-84,Coronaviridae,0,1,1
PREDICT_CoV-85,Coronaviridae,0,1,1
PREDICT_CoV-86,Coronaviridae,0,1,1
PREDICT_CoV-87,Coronaviridae,0,3,1
PREDICT_CoV-88,Coronaviridae,0,1,1
PREDICT_CoV-89,Coronaviridae,0,1,1
PREDICT_CoV-9,Coronaviridae,0,1,1
PREDICT_CoV-90,Coronaviridae,0,2,1
PREDICT_CoV-92,Coronaviridae,0,1,1
PREDICT_CoV-93,Coronaviridae,0,1,1
PREDICT_CoV-94,Coronaviridae,0,1,1
PREDICT_CoV-95,Coronaviridae,0,1,1
PREDICT_CoV-96,Coronaviridae,0,1,1
PREDICT_CoV-97,Coronaviridae,0,1,1
PREDICT_CoV-98,Coronaviridae,0,1,1
PREDICT_CoV-99,Coronaviridae,0,1,1
PREDICT_EV-1,Picornaviridae,0,1,1
PREDICT_EV-2,Picornaviridae,0,1,1
PREDICT_EV-3,Picornaviridae,0,1,1
PREDICT_EV-6,Picornaviridae,0,1,1
PREDICT_EV-7,Picornaviridae,0,1,1
PREDICT_EV-8,Picornaviridae,0,2,1
PREDICT_Flavi-2,Flaviviridae,0,1,1
PREDICT_Flavi-3,Flaviviridae,0,1,1
PREDICT_Flavi-4,Flaviviridae,0,1,1
PREDICT_Flavi-5,Flaviviridae,0,1,1
PREDICT_Flavi-6,Flaviviridae,0,1,1
PREDICT_HantaV-1,Hantaviridae,0,1,1
PREDICT_HantaV-2,Hantaviridae,0,1,1
PREDICT_HantaV-3,Hantaviridae,0,1,1
PREDICT_HV-1,Herpesviridae,0,1,1
PREDICT_HV-10,Herpesviridae,0,1,1
PREDICT_HV-100,Herpesviridae,0,1,1
PREDICT_HV-101,Herpesviridae,0,1,1
PREDICT_HV-102,Herpesviridae,0,1,1
PREDICT_HV-103,Herpesviridae,0,3,1
PREDICT_HV-104,Herpesviridae,0,1,1
PREDICT_HV-105,Herpesviridae,0,1,1
PREDICT_HV-106,Herpesviridae,0,2,2
PREDICT_HV-107,Herpesviridae,0,1,1
PREDICT_HV-109,Herpesviridae,0,3,1
PREDICT_HV-11,Herpesviridae,0,1,1
PREDICT_HV-110,Herpesviridae,0,1,1
PREDICT_HV-111,Herpesviridae,0,1,1
PREDICT_HV-112,Herpesviridae,0,1,1
PREDICT_HV-12,Herpesviridae,0,1,1
PREDICT_HV-120,Herpesviridae,0,1,1
PREDICT_HV-121,Herpesviridae,0,3,2
PREDICT_HV-123,Herpesviridae,0,1,1
PREDICT_HV-124,Herpesviridae,0,1,1
PREDICT_HV-125,Herpesviridae,0,1,1
PREDICT_HV-126,Herpesviridae,0,2,1
PREDICT_HV-127,Herpesviridae,0,1,1
PREDICT_HV-128,Herpesviridae,0,3,1
PREDICT_HV-129,Herpesviridae,0,1,1
PREDICT_HV-13,Herpesviridae,0,1,1
PREDICT_HV-14,Herpesviridae,0,1,1
PREDICT_HV-140,Herpesviridae,0,1,1
PREDICT_HV-142,Herpesviridae,0,1,1
PREDICT_HV-15,Herpesviridae,0,1,1
PREDICT_HV-17,Herpesviridae,0,1,1
PREDICT_HV-18,Herpesviridae,0,1,1
PREDICT_HV-19,Herpesviridae,0,2,1
PREDICT_HV-2,Herpesviridae,0,1,1
PREDICT_HV-20,Herpesviridae,0,1,1
PREDICT_HV-21,Herpesviridae,0,1,1
PREDICT_HV-22,Herpesviridae,0,4,1
PREDICT_HV-23,Herpesviridae,0,1,1
PREDICT_HV-24,Herpesviridae,0,1,1
PREDICT_HV-25,Herpesviridae,0,2,1
PREDICT_HV-26,Herpesviridae,0,1,1
PREDICT_HV-27,Herpesviridae,0,4,1
PREDICT_HV-28,Herpesviridae,0,1,1
PREDICT_HV-29,Herpesviridae,0,1,1
PREDICT_HV-3,Herpesviridae,0,1,1
PREDICT_HV-30,Herpesviridae,0,1,1
PREDICT_HV-34,Herpesviridae,0,1,1
PREDICT_HV-35,Herpesviridae,0,1,1
PREDICT_HV-38,Herpesviridae,0,2,2
PREDICT_HV-4,Herpesviridae,0,1,1
PREDICT_HV-40,Herpesviridae,0,4,2
PREDICT_HV-45,Herpesviridae,0,1,1
PREDICT_HV-49,Herpesviridae,0,6,2
PREDICT_HV-5,Herpesviridae,0,1,1
PREDICT_HV-51,Herpesviridae,0,1,1
PREDICT_HV-52,Herpesviridae,0,2,1
PREDICT_HV-53,Herpesviridae,0,1,1
PREDICT_HV-54,Herpesviridae,0,1,1
PREDICT_HV-56,Herpesviridae,0,1,1
PREDICT_HV-57,Herpesviridae,0,1,1
PREDICT_HV-59,Herpesviridae,0,1,1
PREDICT_HV-6,Herpesviridae,0,1,1
PREDICT_HV-60,Herpesviridae,0,1,1
PREDICT_HV-61,Herpesviridae,0,1,1
PREDICT_HV-62,Herpesviridae,0,1,1
PREDICT_HV-63,Herpesviridae,0,1,1
PREDICT_HV-64,Herpesviridae,0,1,1
PREDICT_HV-68,Herpesviridae,0,1,1
PREDICT_HV-69,Herpesviridae,0,2,1
PREDICT_HV-7,Herpesviridae,0,1,1
PREDICT_HV-71,Herpesviridae,0,1,1
PREDICT_HV-72,Herpesviridae,0,1,1
PREDICT_HV-73,Herpesviridae,0,1,1
PREDICT_HV-74,Herpesviridae,0,1,1
PREDICT_HV-77,Herpesviridae,0,1,1
PREDICT_HV-8,Herpesviridae,0,1,1
PREDICT_HV-82,Herpesviridae,0,1,1
PREDICT_HV-83,Herpesviridae,0,2,1
PREDICT_HV-84,Herpesviridae,0,1,1
PREDICT_HV-85,Herpesviridae,0,2,1
PREDICT_HV-88,Herpesviridae,0,1,1
PREDICT_HV-89,Herpesviridae,0,1,1
PREDICT_HV-9,Herpesviridae,0,1,1
PREDICT_HV-91,Herpesviridae,0,1,1
PREDICT_HV-93,Herpesviridae,0,1,1
PREDICT_HV-94,Herpesviridae,0,1,1
PREDICT_HV-95,Herpesviridae,0,1,1
PREDICT_HV-96,Herpesviridae,0,3,2
PREDICT_HV-97,Herpesviridae,0,1,1
PREDICT_HV-98,Herpesviridae,0,1,1
PREDICT_HV-99,Herpesviridae,0,3,1
PREDICT_Lenti-1,Retroviridae,0,1,1
PREDICT_Lenti-2,Retroviridae,0,1,1
PREDICT_Lenti-3,Retroviridae,0,1,1
PREDICT_Lenti-4,Retroviridae,0,1,1
PREDICT_MAstV-1,Astroviridae,0,1,1
PREDICT_MAstV-10,Astroviridae,0,1,1
PREDICT_MAstV-100,Astroviridae,0,1,1
PREDICT_MAstV-101,Astroviridae,0,1,1
PREDICT_MAstV-102,Astroviridae,0,1,1
PREDICT_MAstV-103,Astroviridae,0,1,1
PREDICT_MAstV-104,Astroviridae,0,1,1
PREDICT_MAstV-106,Astroviridae,0,1,1
PREDICT_MAstV-107,Astroviridae,0,1,1
PREDICT_MAstV-108,Astroviridae,0,1,1
PREDICT_MAstV-109,Astroviridae,0,1,1
PREDICT_MAstV-11,Astroviridae,0,1,1
PREDICT_MAstV-110,Astroviridae,0,6,2
PREDICT_MAstV-111,Astroviridae,0,1,1
PREDICT_MAstV-112,Astroviridae,0,1,1
PREDICT_MAstV-113,Astroviridae,0,1,1
PREDICT_MAstV-114,Astroviridae,0,1,1
PREDICT_MAstV-115,Astroviridae,0,1,1
PREDICT_MAstV-116,Astroviridae,0,1,1
PREDICT_MAstV-117,Astroviridae,0,1,1
PREDICT_MAstV-118,Astroviridae,0,1,1
PREDICT_MAstV-119,Astroviridae,0,1,1
PREDICT_MAstV-12,Astroviridae,0,1,1
PREDICT_MAstV-120,Astroviridae,0,1,1
PREDICT_MAstV-121,Astroviridae,0,3,2
PREDICT_MAstV-122,Astroviridae,0,1,1
PREDICT_MAstV-123,Astroviridae,0,1,1
PREDICT_MAstV-124,Astroviridae,0,1,1
PREDICT_MAstV-125,Astroviridae,0,1,1
PREDICT_MAstV-126,Astroviridae,0,1,1
PREDICT_MAstV-127,Astroviridae,0,1,1
PREDICT_MAstV-128,Astroviridae,0,1,1
PREDICT_MAstV-129,Astroviridae,0,1,1
PREDICT_MAstV-13,Astroviridae,0,3,1
PREDICT_MAstV-130,Astroviridae,0,1,1
PREDICT_MAstV-131,Astroviridae,0,1,1
PREDICT_MAstV-132,Astroviridae,0,1,1
PREDICT_MAstV-133,Astroviridae,0,1,1
PREDICT_MAstV-134,Astroviridae,0,1,1
PREDICT_MAstV-136,Astroviridae,0,2,1
PREDICT_MAstV-137,Astroviridae,0,1,1
PREDICT_MAstV-138,Astroviridae,0,1,1
PREDICT_MAstV-139,Astroviridae,0,1,1
PREDICT_MAstV-14,Astroviridae,0,2,1
PREDICT_MAstV-140,Astroviridae,0,1,1
PREDICT_MAstV-141,Astroviridae,0,2,1
PREDICT_MAstV-142,Astroviridae,0,1,1
PREDICT_MAstV-143,Astroviridae,0,2,1
PREDICT_MAstV-144,Astroviridae,0,1,1
PREDICT_MAstV-145,Astroviridae,0,1,1
PREDICT_MAstV-146,Astroviridae,0,1,1
PREDICT_MAstV-147,Astroviridae,0,1,1
PREDICT_MAstV-148,Astroviridae,0,1,1
PREDICT_MAstV-149,Astroviridae,0,1,1
PREDICT_MAstV-15,Astroviridae,0,1,1
PREDICT_MAstV-150,Astroviridae,0,1,1
PREDICT_MAstV-151,Astroviridae,0,1,1
PREDICT_MAstV-152,Astroviridae,0,2,1
PREDICT_MAstV-153,Astroviridae,0,1,1
PREDICT_MAstV-154,Astroviridae,0,1,1
PREDICT_MAstV-155,Astroviridae,0,1,1
PREDICT_MAstV-156,Astroviridae,0,1,1
PREDICT_MAstV-157,Astroviridae,0,1,1
PREDICT_MAstV-158,Astroviridae,0,1,1
PREDICT_MAstV-159,Astroviridae,0,1,1
PREDICT_MAstV-16,Astroviridae,0,1,1
PREDICT_MAstV-161,Astroviridae,0,1,1
PREDICT_MAstV-162,Astroviridae,0,1,1
PREDICT_MAstV-163,Astroviridae,0,2,1
PREDICT_MAstV-164,Astroviridae,0,1,1
PREDICT_MAstV-165,Astroviridae,0,1,1
PREDICT_MAstV-166,Astroviridae,0,1,1
PREDICT_MAstV-167,Astroviridae,0,1,1
PREDICT_MAstV-168,Astroviridae,0,2,1
PREDICT_MAstV-169,Astroviridae,0,1,1
PREDICT_MAstV-17,Astroviridae,0,1,1
PREDICT_MAstV-170,Astroviridae,0,1,1
PREDICT_MAstV-171,Astroviridae,0,1,1
PREDICT_MAstV-172,Astroviridae,0,2,1
PREDICT_MAstV-173,Astroviridae,0,1,1
PREDICT_MAstV-174,Astroviridae,0,1,1
PREDICT_MAstV-175,Astroviridae,0,1,1
PREDICT_MAstV-176,Astroviridae,0,1,1
PREDICT_MAstV-177,Astroviridae,0,1,1
PREDICT_MAstV-178,Astroviridae,0,1,1
PREDICT_MAstV-179,Astroviridae,0,1,1
PREDICT_MAstV-180,Astroviridae,0,1,1
PREDICT_MAstV-181,Astroviridae,0,1,1
PREDICT_MAstV-182,Astroviridae,0,1,1
PREDICT_MAstV-183,Astroviridae,0,2,1
PREDICT_MAstV-187,Astroviridae,0,1,1
PREDICT_MAstV-188,Astroviridae,0,1,1
PREDICT_MAstV-19,Astroviridae,0,1,1
PREDICT_MAstV-191,Astroviridae,0,1,1
PREDICT_MAstV-192,Astroviridae,0,1,1
PREDICT_MAstV-193,Astroviridae,0,1,1
PREDICT_MAstV-194,Astroviridae,0,1,1
PREDICT_MAstV-195,Astroviridae,0,1,1
PREDICT_MAstV-196,Astroviridae,0,1,1
PREDICT_MAstV-197,Astroviridae,0,1,1
PREDICT_MAstV-198,Astroviridae,0,1,1
PREDICT_MAstV-199,Astroviridae,0,1,1
PREDICT_MAstV-2,Astroviridae,0,1,1
PREDICT_MAstV-20,Astroviridae,0,1,1
PREDICT_MAstV-200,Astroviridae,0,1,1
PREDICT_MAstV-201,Astroviridae,0,1,1
PREDICT_MAstV-202,Astroviridae,0,1,1
PREDICT_MAstV-203,Astroviridae,0,1,1
PREDICT_MAstV-204,Astroviridae,0,1,1
PREDICT_MAstV-205,Astroviridae,0,1,1
PREDICT_MAstV-206,Astroviridae,0,1,1
PREDICT_MAstV-21,Astroviridae,0,1,1
PREDICT_MAstV-22,Astroviridae,0,1,1
PREDICT_MAstV-23,Astroviridae,0,1,1
PREDICT_MAstV-24,Astroviridae,0,1,1
PREDICT_MAstV-25,Astroviridae,0,1,1
PREDICT_MAstV-26,Astroviridae,0,1,1
PREDICT_MAstV-27,Astroviridae,0,2,1
PREDICT_MAstV-28,Astroviridae,0,1,1
PREDICT_MAstV-29,Astroviridae,0,1,1
PREDICT_MAstV-3,Astroviridae,0,1,1
PREDICT_MAstV-30,Astroviridae,0,1,1
PREDICT_MAstV-31,Astroviridae,0,1,1
PREDICT_MAstV-32,Astroviridae,0,1,1
PREDICT_MAstV-33,Astroviridae,0,1,1
PREDICT_MAstV-34,Astroviridae,0,1,1
PREDICT_MAstV-35,Astroviridae,0,1,1
PREDICT_MAstV-36,Astroviridae,0,1,1
PREDICT_MAstV-37,Astroviridae,0,1,1
PREDICT_MAstV-38,Astroviridae,0,1,1
PREDICT_MAstV-39,Astroviridae,0,1,1
PREDICT_MAstV-4,Astroviridae,0,2,1
PREDICT_MAstV-40,Astroviridae,0,1,1
PREDICT_MAstV-41,Astroviridae,0,1,1
PREDICT_MAstV-42,Astroviridae,0,1,1
PREDICT_MAstV-43,Astroviridae,0,1,1
PREDICT_MAstV-44,Astroviridae,0,1,1
PREDICT_MAstV-45,Astroviridae,0,1,1
PREDICT_MAstV-46,Astroviridae,0,1,1
PREDICT_MAstV-47,Astroviridae,0,1,1
PREDICT_MAstV-48,Astroviridae,0,1,1
PREDICT_MAstV-5,Astroviridae,0,1,1
PREDICT_MAstV-50,Astroviridae,0,1,1
PREDICT_MAstV-51,Astroviridae,0,1,1
PREDICT_MAstV-52,Astroviridae,0,2,1
PREDICT_MAstV-53,Astroviridae,0,1,1
PREDICT_MAstV-54,Astroviridae,0,1,1
PREDICT_MAstV-55,Astroviridae,0,1,1
PREDICT_MAstV-56,Astroviridae,0,1,1
PREDICT_MAstV-57,Astroviridae,0,2,1
PREDICT_MAstV-58,Astroviridae,0,3,2
PREDICT_MAstV-59,Astroviridae,0,1,1
PREDICT_MAstV-6,Astroviridae,0,1,1
PREDICT_MAstV-60,Astroviridae,0,1,1
PREDICT_MAstV-61,Astroviridae,0,2,1
PREDICT_MAstV-62,Astroviridae,0,1,1
PREDICT_MAstV-63,Astroviridae,0,1,1
PREDICT_MAstV-64,Astroviridae,0,1,1
PREDICT_MAstV-65,Astroviridae,0,3,2
PREDICT_MAstV-66,Astroviridae,0,1,1
PREDICT_MAstV-67,Astroviridae,0,3,1
PREDICT_MAstV-68,Astroviridae,0,1,1
PREDICT_MAstV-69,Astroviridae,0,1,1
PREDICT_MAstV-7,Astroviridae,0,1,1
PREDICT_MAstV-70,Astroviridae,0,1,1
PREDICT_MAstV-71,Astroviridae,0,2,1
PREDICT_MAstV-72,Astroviridae,0,1,1
PREDICT_MAstV-73,Astroviridae,0,1,1
PREDICT_MAstV-74,Astroviridae,0,1,1
PREDICT_MAstV-75,Astroviridae,0,1,1
PREDICT_MAstV-76,Astroviridae,0,1,1
PREDICT_MAstV-77,Astroviridae,0,1,1
PREDICT_MAstV-78,Astroviridae,0,1,1
PREDICT_MAstV-79,Astroviridae,0,1,1
PREDICT_MAstV-8,Astroviridae,0,1,1
PREDICT_MAstV-80,Astroviridae,0,1,1
PREDICT_MAstV-81,Astroviridae,0,1,1
PREDICT_MAstV-82,Astroviridae,0,1,1
PREDICT_MAstV-83,Astroviridae,0,1,1
PREDICT_MAstV-88,Astroviridae,0,1,1
PREDICT_MAstV-89,Astroviridae,0,1,1
PREDICT_MAstV-9,Astroviridae,0,2,1
PREDICT_MAstV-90,Astroviridae,0,2,1
PREDICT_MAstV-91,Astroviridae,0,2,1
PREDICT_MAstV-92,Astroviridae,0,1,1
PREDICT_MAstV-93,Astroviridae,0,1,1
PREDICT_MAstV-94,Astroviridae,0,1,1
PREDICT_MAstV-95,Astroviridae,0,1,1
PREDICT_MAstV-96,Astroviridae,0,1,1
PREDICT_MAstV-97,Astroviridae,0,1,1
PREDICT_MAstV-98,Astroviridae,0,1,1
PREDICT_MAstV-99,Astroviridae,0,1,1
PREDICT_MNV-1,Caliciviridae,0,1,1
PREDICT_Orbi-1,Reoviridae,0,1,1
PREDICT_Orbi-2,Reoviridae,0,2,1
PREDICT_Orbi-3,Reoviridae,0,1,1
PREDICT_Orbi-4,Reoviridae,0,1,1
PREDICT_Orbi-5,Reoviridae,0,1,1
PREDICT_Orbi-6,Reoviridae,0,1,1
PREDICT_PapV-1,Poxviridae,0,1,1
PREDICT_PbV-1,Picobirnaviridae,0,1,1
PREDICT_PbV-10,Picobirnaviridae,0,1,1
PREDICT_PbV-100,Picobirnaviridae,0,1,1
PREDICT_PbV-101,Picobirnaviridae,0,1,1
PREDICT_PbV-102,Picobirnaviridae,0,1,1
PREDICT_PbV-103,Picobirnaviridae,0,1,1
PREDICT_PbV-104,Picobirnaviridae,0,1,1
PREDICT_PbV-105,Picobirnaviridae,0,1,1
PREDICT_PbV-106,Picobirnaviridae,0,1,1
PREDICT_PbV-107,Picobirnaviridae,0,1,1
PREDICT_PbV-108,Picobirnaviridae,0,1,1
PREDICT_PbV-109,Picobirnaviridae,0,1,1
PREDICT_PbV-11,Picobirnaviridae,0,1,1
PREDICT_PbV-110,Picobirnaviridae,0,1,1
PREDICT_PbV-111,Picobirnaviridae,0,1,1
PREDICT_PbV-112,Picobirnaviridae,0,1,1
PREDICT_PbV-113,Picobirnaviridae,0,1,1
PREDICT_PbV-114,Picobirnaviridae,0,1,1
PREDICT_PbV-115,Picobirnaviridae,0,1,1
PREDICT_PbV-116,Picobirnaviridae,0,1,1
PREDICT_PbV-117,Picobirnaviridae,0,1,1
PREDICT_PbV-118,Picobirnaviridae,0,1,1
PREDICT_PbV-119,Picobirnaviridae,0,1,1
PREDICT_PbV-12,Picobirnaviridae,0,1,1
PREDICT_PbV-120,Picobirnaviridae,0,1,1
PREDICT_PbV-121,Picobirnaviridae,0,1,1
PREDICT_PbV-13,Picobirnaviridae,0,1,1
PREDICT_PbV-14,Picobirnaviridae,0,1,1
PREDICT_PbV-15,Picobirnaviridae,0,1,1
PREDICT_PbV-16,Picobirnaviridae,0,1,1
PREDICT_PbV-17,Picobirnaviridae,0,1,1
PREDICT_PbV-18,Picobirnaviridae,0,1,1
PREDICT_PbV-19,Picobirnaviridae,0,1,1
PREDICT_PbV-2,Picobirnaviridae,0,1,1
PREDICT_PbV-20,Picobirnaviridae,0,1,1
PREDICT_PbV-21,Picobirnaviridae,0,1,1
PREDICT_PbV-22,Picobirnaviridae,0,1,1
PREDICT_PbV-23,Picobirnaviridae,0,1,1
PREDICT_PbV-24,Picobirnaviridae,0,1,1
PREDICT_PbV-25,Picobirnaviridae,0,1,1
PREDICT_PbV-26,Picobirnaviridae,0,1,1
PREDICT_PbV-27,Picobirnaviridae,0,1,1
PREDICT_PbV-28,Picobirnaviridae,0,1,1
PREDICT_PbV-29,Picobirnaviridae,0,1,1
PREDICT_PbV-3,Picobirnaviridae,0,1,1
PREDICT_PbV-30,Picobirnaviridae,0,1,1
PREDICT_PbV-31,Picobirnaviridae,0,1,1
PREDICT_PbV-32,Picobirnaviridae,0,1,1
PREDICT_PbV-33,Picobirnaviridae,0,1,1
PREDICT_PbV-34,Picobirnaviridae,0,1,1
PREDICT_PbV-35,Picobirnaviridae,0,1,1
PREDICT_PbV-36,Picobirnaviridae,0,1,1
PREDICT_PbV-37,Picobirnaviridae,0,1,1
PREDICT_PbV-38,Picobirnaviridae,0,1,1
PREDICT_PbV-39,Picobirnaviridae,0,1,1
PREDICT_PbV-4,Picobirnaviridae,0,1,1
PREDICT_PbV-40,Picobirnaviridae,0,1,1
PREDICT_PbV-41,Picobirnaviridae,0,1,1
PREDICT_PbV-42,Picobirnaviridae,0,1,1
PREDICT_PbV-43,Picobirnaviridae,0,1,1
PREDICT_PbV-44,Picobirnaviridae,0,1,1
PREDICT_PbV-45,Picobirnaviridae,0,1,1
PREDICT_PbV-46,Picobirnaviridae,0,1,1
PREDICT_PbV-47,Picobirnaviridae,0,1,1
PREDICT_PbV-48,Picobirnaviridae,0,1,1
PREDICT_PbV-49,Picobirnaviridae,0,1,1
PREDICT_PbV-5,Picobirnaviridae,0,1,1
PREDICT_PbV-50,Picobirnaviridae,0,1,1
PREDICT_PbV-51,Picobirnaviridae,0,1,1
PREDICT_PbV-52,Picobirnaviridae,0,1,1
PREDICT_PbV-53,Picobirnaviridae,0,1,1
PREDICT_PbV-54,Picobirnaviridae,0,1,1
PREDICT_PbV-55,Picobirnaviridae,0,1,1
PREDICT_PbV-56,Picobirnaviridae,0,1,1
PREDICT_PbV-57,Picobirnaviridae,0,1,1
PREDICT_PbV-58,Picobirnaviridae,0,1,1
PREDICT_PbV-59,Picobirnaviridae,0,1,1
PREDICT_PbV-6,Picobirnaviridae,0,1,1
PREDICT_PbV-60,Picobirnaviridae,0,1,1
PREDICT_PbV-61,Picobirnaviridae,0,1,1
PREDICT_PbV-62,Picobirnaviridae,0,1,1
PREDICT_PbV-63,Picobirnaviridae,0,1,1
PREDICT_PbV-64,Picobirnaviridae,0,1,1
PREDICT_PbV-65,Picobirnaviridae,0,1,1
PREDICT_PbV-66,Picobirnaviridae,0,1,1
PREDICT_PbV-67,Picobirnaviridae,0,1,1
PREDICT_PbV-68,Picobirnaviridae,0,1,1
PREDICT_PbV-69,Picobirnaviridae,0,1,1
PREDICT_PbV-7,Picobirnaviridae,0,1,1
PREDICT_PbV-70,Picobirnaviridae,0,1,1
PREDICT_PbV-71,Picobirnaviridae,0,1,1
PREDICT_PbV-72,Picobirnaviridae,0,1,1
PREDICT_PbV-73,Picobirnaviridae,0,1,1
PREDICT_PbV-74,Picobirnaviridae,0,1,1
PREDICT_PbV-75,Picobirnaviridae,0,1,1
PREDICT_PbV-76,Picobirnaviridae,0,1,1
PREDICT_PbV-77,Picobirnaviridae,0,1,1
PREDICT_PbV-78,Picobirnaviridae,0,1,1
PREDICT_PbV-79,Picobirnaviridae,0,1,1
PREDICT_PbV-8,Picobirnaviridae,0,1,1
PREDICT_PbV-80,Picobirnaviridae,0,1,1
PREDICT_PbV-81,Picobirnaviridae,0,1,1
PREDICT_PbV-82,Picobirnaviridae,0,1,1
PREDICT_PbV-83,Picobirnaviridae,0,1,1
PREDICT_PbV-84,Picobirnaviridae,0,1,1
PREDICT_PbV-85,Picobirnaviridae,0,1,1
PREDICT_PbV-86,Picobirnaviridae,0,1,1
PREDICT_PbV-87,Picobirnaviridae,0,1,1
PREDICT_PbV-88,Picobirnaviridae,0,1,1
PREDICT_PbV-89,Picobirnaviridae,0,1,1
PREDICT_PbV-9,Picobirnaviridae,0,1,1
PREDICT_PbV-90,Picobirnaviridae,0,1,1
PREDICT_PbV-91,Picobirnaviridae,0,1,1
PREDICT_PbV-92,Picobirnaviridae,0,1,1
PREDICT_PbV-93,Picobirnaviridae,0,1,1
PREDICT_PbV-94,Picobirnaviridae,0,1,1
PREDICT_PbV-95,Picobirnaviridae,0,1,1
PREDICT_PbV-96,Picobirnaviridae,0,1,1
PREDICT_PbV-97,Picobirnaviridae,0,1,1
PREDICT_PbV-98,Picobirnaviridae,0,1,1
PREDICT_PbV-99,Picobirnaviridae,0,1,1
PREDICT_Phlebo-1,Phenuiviridae,0,1,1
PREDICT_Picorna-1,Picornaviridae,0,1,1
PREDICT_Picorna-2,Picornaviridae,0,1,1
PREDICT_Picorna-3,Picornaviridae,0,1,1
PREDICT_Picorna-4,Picornaviridae,0,1,1
PREDICT_PMV-1,Paramyxoviridae,0,1,1
PREDICT_PMV-10,Paramyxoviridae,0,2,1
PREDICT_PMV-103,Paramyxoviridae,0,1,1
PREDICT_PMV-104,Paramyxoviridae,0,1,1
PREDICT_PMV-105,Paramyxoviridae,0,1,1
PREDICT_PMV-106,Paramyxoviridae,0,1,1
PREDICT_PMV-107,Paramyxoviridae,0,2,1
PREDICT_PMV-108,Paramyxoviridae,0,1,1
PREDICT_PMV-109,Paramyxoviridae,0,1,1
PREDICT_PMV-11,Paramyxoviridae,0,1,1
PREDICT_PMV-110,Paramyxoviridae,0,1,1
PREDICT_PMV-113,Paramyxoviridae,0,1,1
PREDICT_PMV-114,Paramyxoviridae,0,1,1
PREDICT_PMV-115,Paramyxoviridae,0,1,1
PREDICT_PMV-116,Paramyxoviridae,0,1,1
PREDICT_PMV-117,Paramyxoviridae,0,1,1
PREDICT_PMV-118,Paramyxoviridae,0,2,1
PREDICT_PMV-119,Paramyxoviridae,0,1,1
PREDICT_PMV-12,Paramyxoviridae,0,1,1
PREDICT_PMV-120,Paramyxoviridae,0,1,1
PREDICT_PMV-123,Paramyxoviridae,0,1,1
PREDICT_PMV-125,Paramyxoviridae,0,1,1
PREDICT_PMV-127,Paramyxoviridae,0,1,1
PREDICT_PMV-128,Paramyxoviridae,0,1,1
PREDICT_PMV-129,Paramyxoviridae,0,1,1
PREDICT_PMV-13,Paramyxoviridae,0,3,1
PREDICT_PMV-130,Paramyxoviridae,0,1,1
PREDICT_PMV-131,Paramyxoviridae,0,1,1
PREDICT_PMV-132,Paramyxoviridae,0,1,1
PREDICT_PMV-133,Paramyxoviridae,0,1,1
PREDICT_PMV-134,Paramyxoviridae,0,1,1
PREDICT_PMV-135,Paramyxoviridae,0,1,1
PREDICT_PMV-137,Paramyxoviridae,0,1,1
PREDICT_PMV-138,Paramyxoviridae,0,1,1
PREDICT_PMV-139,Paramyxoviridae,0,1,1
PREDICT_PMV-14,Paramyxoviridae,0,1,1
PREDICT_PMV-140,Paramyxoviridae,0,1,1
PREDICT_PMV-141,Paramyxoviridae,0,1,1
PREDICT_PMV-142,Paramyxoviridae,0,1,1
PREDICT_PMV-143,Paramyxoviridae,0,1,1
PREDICT_PMV-144,Paramyxoviridae,0,1,1
PREDICT_PMV-145,Paramyxoviridae,0,1,1
PREDICT_PMV-146,Paramyxoviridae,0,1,1
PREDICT_PMV-147,Paramyxoviridae,0,1,1
PREDICT_PMV-148,Paramyxoviridae,0,3,2
PREDICT_PMV-149,Paramyxoviridae,0,1,1
PREDICT_PMV-15,Paramyxoviridae,0,2,1
PREDICT_PMV-150,Paramyxoviridae,0,1,1
PREDICT_PMV-151,Paramyxoviridae,0,1,1
PREDICT_PMV-152,Paramyxoviridae,0,1,1
PREDICT_PMV-153,Paramyxoviridae,0,1,1
PREDICT_PMV-155,Paramyxoviridae,0,1,1
PREDICT_PMV-156,Paramyxoviridae,0,1,1
PREDICT_PMV-157,Paramyxoviridae,0,1,1
PREDICT_PMV-158,Paramyxoviridae,0,1,1
PREDICT_PMV-159,Paramyxoviridae,0,1,1
PREDICT_PMV-16,Paramyxoviridae,0,1,1
PREDICT_PMV-160,Paramyxoviridae,0,1,1
PREDICT_PMV-161,Paramyxoviridae,0,1,1
PREDICT_PMV-162,Paramyxoviridae,0,1,1
PREDICT_PMV-163,Paramyxoviridae,0,1,1
PREDICT_PMV-164,Paramyxoviridae,0,1,1
PREDICT_PMV-165,Paramyxoviridae,0,1,1
PREDICT_PMV-166,Paramyxoviridae,0,1,1
PREDICT_PMV-167,Paramyxoviridae,0,1,1
PREDICT_PMV-168,Paramyxoviridae,0,1,1
PREDICT_PMV-17,Paramyxoviridae,0,1,1
PREDICT_PMV-170,Paramyxoviridae,0,1,1
PREDICT_PMV-171,Paramyxoviridae,0,1,1
PREDICT_PMV-172,Paramyxoviridae,0,1,1
PREDICT_PMV-173,Paramyxoviridae,0,1,1
PREDICT_PMV-174,Paramyxoviridae,0,1,1
PREDICT_PMV-175,Paramyxoviridae,0,1,1
PREDICT_PMV-176,Paramyxoviridae,0,1,1
PREDICT_PMV-178,Paramyxoviridae,0,1,1
PREDICT_PMV-179,Paramyxoviridae,0,1,1
PREDICT_PMV-18,Paramyxoviridae,0,1,1
PREDICT_PMV-180,Paramyxoviridae,0,1,1
PREDICT_PMV-181,Paramyxoviridae,0,1,1
PREDICT_PMV-183,Paramyxoviridae,0,1,1
PREDICT_PMV-185,Paramyxoviridae,0,1,1
PREDICT_PMV-186,Paramyxoviridae,0,1,1
PREDICT_PMV-187,Paramyxoviridae,0,1,1
PREDICT_PMV-188,Paramyxoviridae,0,1,1
PREDICT_PMV-189,Paramyxoviridae,0,1,1
PREDICT_PMV-19,Paramyxoviridae,0,1,1
PREDICT_PMV-190,Paramyxoviridae,0,1,1
PREDICT_PMV-191,Paramyxoviridae,0,1,1
PREDICT_PMV-192,Paramyxoviridae,0,1,1
PREDICT_PMV-193,Paramyxoviridae,0,1,1
PREDICT_PMV-194,Paramyxoviridae,0,1,1
PREDICT_PMV-2,Paramyxoviridae,0,2,1
PREDICT_PMV-20,Paramyxoviridae,0,5,2
PREDICT_PMV-22,Paramyxoviridae,0,1,1
PREDICT_PMV-23,Paramyxoviridae,0,1,1
PREDICT_PMV-24,Paramyxoviridae,0,2,1
PREDICT_PMV-25,Paramyxoviridae,0,1,1
PREDICT_PMV-26,Paramyxoviridae,0,1,1
PREDICT_PMV-27,Paramyxoviridae,0,1,1
PREDICT_PMV-29,Paramyxoviridae,0,1,1
PREDICT_PMV-3,Paramyxoviridae,0,2,1
PREDICT_PMV-30,Paramyxoviridae,0,1,1
PREDICT_PMV-31,Paramyxoviridae,0,1,1
PREDICT_PMV-32,Paramyxoviridae,0,2,1
PREDICT_PMV-33,Paramyxoviridae,0,1,1
PREDICT_PMV-34,Paramyxoviridae,0,1,1
PREDICT_PMV-36,Paramyxoviridae,0,1,1
PREDICT_PMV-37,Paramyxoviridae,0,1,1
PREDICT_PMV-38,Paramyxoviridae,0,1,1
PREDICT_PMV-39,Paramyxoviridae,0,1,1
PREDICT_PMV-4,Paramyxoviridae,0,1,1
PREDICT_PMV-40,Paramyxoviridae,0,1,1
PREDICT_PMV-41,Paramyxoviridae,0,1,1
PREDICT_PMV-42,Paramyxoviridae,0,1,1
PREDICT_PMV-43,Paramyxoviridae,0,1,1
PREDICT_PMV-44,Paramyxoviridae,0,1,1
PREDICT_PMV-45,Paramyxoviridae,0,1,1
PREDICT_PMV-46,Paramyxoviridae,0,1,1
PREDICT_PMV-47,Paramyxoviridae,0,1,1
PREDICT_PMV-48,Paramyxoviridae,0,2,1
PREDICT_PMV-49,Paramyxoviridae,0,1,1
PREDICT_PMV-5,Paramyxoviridae,0,2,1
PREDICT_PMV-50,Paramyxoviridae,0,1,1
PREDICT_PMV-51,Paramyxoviridae,0,1,1
PREDICT_PMV-53,Paramyxoviridae,0,2,1
PREDICT_PMV-54,Paramyxoviridae,0,1,1
PREDICT_PMV-55,Paramyxoviridae,0,1,1
PREDICT_PMV-56,Paramyxoviridae,0,1,1
PREDICT_PMV-57,Paramyxoviridae,0,1,1
PREDICT_PMV-59,Paramyxoviridae,0,1,1
PREDICT_PMV-6,Paramyxoviridae,0,2,1
PREDICT_PMV-60,Paramyxoviridae,0,1,1
PREDICT_PMV-61,Paramyxoviridae,0,1,1
PREDICT_PMV-62,Paramyxoviridae,0,1,1
PREDICT_PMV-63,Paramyxoviridae,0,1,1
PREDICT_PMV-64,Paramyxoviridae,0,1,1
PREDICT_PMV-66,Paramyxoviridae,0,1,1
PREDICT_PMV-67,Paramyxoviridae,0,1,1
PREDICT_PMV-68,Paramyxoviridae,0,1,1
PREDICT_PMV-69,Paramyxoviridae,0,1,1
PREDICT_PMV-7,Paramyxoviridae,0,1,1
PREDICT_PMV-70,Paramyxoviridae,0,1,1
PREDICT_PMV-71,Paramyxoviridae,0,1,1
PREDICT_PMV-72,Paramyxoviridae,0,2,1
PREDICT_PMV-73,Paramyxoviridae,0,1,1
PREDICT_PMV-74,Paramyxoviridae,0,2,1
PREDICT_PMV-75,Paramyxoviridae,0,1,1
PREDICT_PMV-76,Paramyxoviridae,0,1,1
PREDICT_PMV-79,Paramyxoviridae,0,1,1
PREDICT_PMV-8,Paramyxoviridae,0,1,1
PREDICT_PMV-80,Paramyxoviridae,0,1,1
PREDICT_PMV-81,Paramyxoviridae,0,1,1
PREDICT_PMV-82,Paramyxoviridae,0,1,1
PREDICT_PMV-83,Paramyxoviridae,0,1,1
PREDICT_PMV-85,Paramyxoviridae,0,1,1
PREDICT_PMV-86,Paramyxoviridae,0,2,1
PREDICT_PMV-88,Paramyxoviridae,0,1,1
PREDICT_PMV-89,Paramyxoviridae,0,1,1
PREDICT_PMV-9,Paramyxoviridae,0,1,1
PREDICT_PMV-90,Paramyxoviridae,0,1,1
PREDICT_PMV-97,Paramyxoviridae,0,1,1
PREDICT_PMV-98,Paramyxoviridae,0,1,1
PREDICT_PMV-99,Paramyxoviridae,0,1,1
PREDICT_PosaV-1,Caliciviridae,0,1,1
PREDICT_PosaV-2,Caliciviridae,0,1,1
PREDICT_PosaV-3,Caliciviridae,0,1,1
PREDICT_PosaV-4,Caliciviridae,0,1,1
PREDICT_PyV-1,Polyomaviridae,0,1,1
PREDICT_PyV-11,Polyomaviridae,0,1,1
PREDICT_PyV-12,Polyomaviridae,0,1,1
PREDICT_PyV-13,Polyomaviridae,0,1,1
PREDICT_PyV-14,Polyomaviridae,0,4,1
PREDICT_PyV-15,Polyomaviridae,0,1,1
PREDICT_PyV-16,Polyomaviridae,0,2,1
PREDICT_PyV-17,Polyomaviridae,0,1,1
PREDICT_PyV-18,Polyomaviridae,0,1,1
PREDICT_PyV-19,Polyomaviridae,0,1,1
PREDICT_PyV-2,Polyomaviridae,0,1,1
PREDICT_PyV-20,Polyomaviridae,0,1,1
PREDICT_PyV-21,Polyomaviridae,0,1,1
PREDICT_PyV-22,Polyomaviridae,0,1,1
PREDICT_PyV-23,Polyomaviridae,0,1,1
PREDICT_PyV-24,Polyomaviridae,0,3,1
PREDICT_PyV-25,Polyomaviridae,0,3,1
PREDICT_PyV-26,Polyomaviridae,0,2,1
PREDICT_PyV-27,Polyomaviridae,0,1,1
PREDICT_PyV-28,Polyomaviridae,0,1,1
PREDICT_PyV-29,Polyomaviridae,0,1,1
PREDICT_PyV-3,Polyomaviridae,0,1,1
PREDICT_PyV-30,Polyomaviridae,0,1,1
PREDICT_PyV-31,Polyomaviridae,0,1,1
PREDICT_PyV-33,Polyomaviridae,0,1,1
PREDICT_PyV-38,Polyomaviridae,0,1,1
PREDICT_PyV-5,Polyomaviridae,0,1,1
PREDICT_PyV-6,Polyomaviridae,0,1,1
PREDICT_PyV-7,Polyomaviridae,0,1,1
PREDICT_PyV-8,Polyomaviridae,0,2,1
PREDICT_PyV-9,Polyomaviridae,0,3,1
PREDICT_RbdV-1,"	Rhabdoviridae",0,1,1
PREDICT_RbdV-10,"	Rhabdoviridae",0,1,1
PREDICT_RbdV-11,"	Rhabdoviridae",0,1,1
PREDICT_RbdV-12,"	Rhabdoviridae",0,1,1
PREDICT_RbdV-13,"	Rhabdoviridae",0,1,1
PREDICT_RbdV-14,"	Rhabdoviridae",0,1,1
PREDICT_RbdV-15,"	Rhabdoviridae",0,3,2
PREDICT_RbdV-2,"	Rhabdoviridae",0,1,1
PREDICT_RbdV-21,"	Rhabdoviridae",0,1,1
PREDICT_RbdV-27,"	Rhabdoviridae",0,1,1
PREDICT_RbdV-28,"	Rhabdoviridae",0,1,1
PREDICT_RbdV-29,"	Rhabdoviridae",0,1,1
PREDICT_RbdV-3,"	Rhabdoviridae",0,1,1
PREDICT_RbdV-30,"	Rhabdoviridae",0,1,1
PREDICT_RbdV-31,"	Rhabdoviridae",0,1,1
PREDICT_RbdV-32,"	Rhabdoviridae",0,1,1
PREDICT_RbdV-33,"	Rhabdoviridae",0,1,1
PREDICT_RbdV-34,"	Rhabdoviridae",0,1,1
PREDICT_RbdV-35,"	Rhabdoviridae",0,1,1
PREDICT_RbdV-4,"	Rhabdoviridae",0,1,1
PREDICT_RbdV-5,"	Rhabdoviridae",0,1,1
PREDICT_RbdV-6,"	Rhabdoviridae",0,1,1
PREDICT_RbdV-7,"	Rhabdoviridae",0,1,1
PREDICT_RbdV-9,"	Rhabdoviridae",0,1,1
Rattus_rhadinovirus_1,Herpesviridae,0,2,1
Retroperitoneal_fibromatosis-associated_herpesvirus,Herpesviridae,0,1,1
Rhinolophus/Hipposideros_Alphacoronavirus,Coronaviridae,0,1,1
Rhinovirus_C,Picornaviridae.,0,1,1
Riston__Ebola,Filoviridae,0,22,4
Rodent_Coronavirus,Coronaviridae,0,4,1
Rodent_Paramyxovirus_MpR12,Paramyxoviridae,0,1,1
Rousettus_Bat_Coronavirus_GCCDC1/346/356,Coronaviridae,0,3,1
Rousettus_Bat_Coronavirus/NRC-1,Coronaviridae,0,1,1
Rousettus_Bat_Coronavirus/NRC-2,Coronaviridae,0,2,1
Sanguinus_midas_Lymphocryptovirus_1,Herpesviridae,0,1,1
SARS-related_bat_coronavirus_HKU3,Coronaviridae,0,1,1
SARS-related_bat_coronavirus_RsSHC014,Coronaviridae,0,1,1
SARS-related_betacoronavirus_Rp3/2004,Coronaviridae,0,5,1
SARS-related_betacoronavirus_RsSHC014,Coronaviridae,0,1,1
SFVHpi,Retroviridae,0,1,1
Simian_Adenovirus_18,Adenoviridae,0,2,1
Simian_Adenovirus_A,Adenoviridae,0,1,1
Simian_Adenovirus_B,Adenoviridae,0,1,1
Tailam_virus,Paramyxoviridae,0,1,1
Trinidad/1FY2BA/2007,Coronaviridae,0,1,1
Tupaiid_Herpesvirus_1,Herpesviridae,0,1,1
VEE__(IE),Togaviridae,0,2,1
Vespertilionid_betacoronavirus,Coronaviridae,0,2,1
Wencheng_Sm_shrew_coronavirus,Coronaviridae,0,1,1
YN12103/CHN/2012,Paramyxoviridae,0,1,1
Zaria_Bat_Coronavirus,Coronaviridae,0,1,1
